Date,Ticker,Stock,%,Change
2013 Q2,1396924D,LIBERTY MEDIA CORP - A,0.78%,1
2013 Q2,1448062D,DIRECTV,2.50%,1
2013 Q2,AXP,AMERICAN EXPRESS CO,12.34%,1
2013 Q2,BK,BANK OF NEW YORK MELLON CORP,0.75%,1
2013 Q2,CBI,CHICAGO BRIDGE & IRON CO NV,0.62%,1
2013 Q2,COP,CONOCOPHILLIPS,1.59%,1
2013 Q2,COST,COSTCO WHOLESALE CORP,0.52%,1
2013 Q2,DE,DEERE & CO,0.35%,1
2013 Q2,DISH,DISH NETWORK CORP-A,0.03%,1
2013 Q2,DVA,DAVITA INC,1.97%,1
2013 Q2,GE,GENERAL ELECTRIC CO,0.01%,1
2013 Q2,GM,GENERAL MOTORS CO,1.45%,1
2013 Q2,GSK,GLAXOSMITHKLINE PLC-SPON ADR,0.08%,1
2013 Q2,IBM,INTL BUSINESS MACHINES CORP,14.17%,1
2013 Q2,JNJ,JOHNSON & JOHNSON,0.03%,1
2013 Q2,KO,COCA-COLA CO/THE,17.47%,1
2013 Q2,KRFT,KRAFT FOODS GROUP INC,0.01%,1
2013 Q2,LEE,LEE ENTERPRISES,0.00%,1
2013 Q2,MA,MASTERCARD INC - A,0.25%,1
2013 Q2,MCO,MOODY'S CORP,1.65%,1
2013 Q2,MDLZ,MONDELEZ INTERNATIONAL INC-A,0.02%,1
2013 Q2,MEG,MEDIA GENERAL INC COM STK (VA),0.06%,1
2013 Q2,MTB,M & T BANK CORP,0.65%,1
2013 Q2,NOV,NATIONAL OILWELL VARCO INC,0.67%,1
2013 Q2,PCP,PRECISION CASTPARTS CORP,0.49%,1
2013 Q2,PG,PROCTER & GAMBLE CO/THE,4.43%,1
2013 Q2,PSX,PHILLIPS 66,1.74%,1
2013 Q2,SNY,SANOFI-ADR,0.23%,1
2013 Q2,STRZA,STARZ - A,0.14%,1
2013 Q2,SU,SUNCOR ENERGY INC,0.57%,1
2013 Q2,TMJ,TORCHMARK CORP,0.30%,1
2013 Q2,UPS,UNITED PARCEL SERVICE-CL B,0.01%,1
2013 Q2,USB,US BANCORP,3.08%,1
2013 Q2,USG,USG CORP,0.43%,1
2013 Q2,V,VISA INC-CLASS A SHARES,0.31%,1
2013 Q2,VIAB,VIACOM INC-CLASS B,0.56%,1
2013 Q2,VRSK,VERISK ANALYTICS INC,0.10%,1
2013 Q2,VRSN,VERISIGN INC,0.53%,1
2013 Q2,WBC,WABCO HOLDINGS INC,0.33%,1
2013 Q2,WFC,WELLS FARGO & CO,20.81%,1
2013 Q2,WMT,WALMART INC,3.99%,1
2013 Q2,WPO,WASHINGTON POST CO CLB,0.91%,1
2013 Q2,XOM,EXXON MOBIL CORP,3.07%,1
2013 Q3,1396924D,LIBERTY MEDIA CORP - A,0.90%,0
2013 Q3,1448062D,DIRECTV,2.37%,-1
2013 Q3,AXP,AMERICAN EXPRESS CO,12.44%,0
2013 Q3,BK,BANK OF NEW YORK MELLON CORP,0.81%,1
2013 Q3,CBI,CHICAGO BRIDGE & IRON CO NV,0.70%,0
2013 Q3,COP,CONOCOPHILLIPS,1.02%,-1
2013 Q3,COST,COSTCO WHOLESALE CORP,0.54%,0
2013 Q3,DE,DEERE & CO,0.35%,0
2013 Q3,DISH,DISH NETWORK CORP-A,0.03%,0
2013 Q3,DVA,DAVITA INC,1.94%,1
2013 Q3,GE,GENERAL ELECTRIC CO,0.02%,0
2013 Q3,GM,GENERAL MOTORS CO,1.56%,0
2013 Q3,GSK,GLAXOSMITHKLINE PLC-SPON ADR,0.02%,-1
2013 Q3,IBM,INTL BUSINESS MACHINES CORP,13.71%,0
2013 Q3,JNJ,JOHNSON & JOHNSON,0.03%,0
2013 Q3,KO,COCA-COLA CO/THE,16.46%,0
2013 Q3,KRFT,KRAFT FOODS GROUP INC,0.01%,0
2013 Q3,LEE,LEE ENTERPRISES,0.00%,0
2013 Q3,MA,MASTERCARD INC - A,0.30%,0
2013 Q3,MCO,MOODY'S CORP,1.90%,0
2013 Q3,MDLZ,MONDELEZ INTERNATIONAL INC-A,0.02%,0
2013 Q3,MEG,MEDIA GENERAL INC COM STK (VA),0.07%,0
2013 Q3,MTB,M & T BANK CORP,0.65%,0
2013 Q3,NOV,NATIONAL OILWELL VARCO INC,0.75%,0
2013 Q3,PCP,PRECISION CASTPARTS CORP,0.49%,0
2013 Q3,PG,PROCTER & GAMBLE CO/THE,4.34%,0
2013 Q3,PSX,PHILLIPS 66,1.71%,0
2013 Q3,SNY,SANOFI-ADR,0.21%,-1
2013 Q3,STRZA,STARZ - A,0.17%,0
2013 Q3,SU,SUNCOR ENERGY INC,0.70%,1
2013 Q3,TMJ,TORCHMARK CORP,0.33%,0
2013 Q3,UPS,UNITED PARCEL SERVICE-CL B,0.01%,0
2013 Q3,USB,US BANCORP,3.14%,1
2013 Q3,USG,USG CORP,0.53%,0
2013 Q3,V,VISA INC-CLASS A SHARES,0.32%,0
2013 Q3,VIAB,VIACOM INC-CLASS B,0.69%,0
2013 Q3,VRSK,VERISK ANALYTICS INC,0.11%,0
2013 Q3,VRSN,VERISIGN INC,0.61%,1
2013 Q3,WBC,WABCO HOLDINGS INC,0.37%,0
2013 Q3,WFC,WELLS FARGO & CO,20.79%,0
2013 Q3,WMT,WALMART INC,3.96%,0
2013 Q3,WPO,WASHINGTON POST CO CLB,1.15%,0
2013 Q3,XOM,EXXON MOBIL CORP,3.75%,1
2013 Q4,1396924D,LIBERTY MEDIA CORP - A,0.74%,-1
2013 Q4,1448062D,DIRECTV,2.41%,0
2013 Q4,AXP,AMERICAN EXPRESS CO,13.12%,0
2013 Q4,BK,BANK OF NEW YORK MELLON CORP,0.82%,0
2013 Q4,CBI,CHICAGO BRIDGE & IRON CO NV,0.76%,0
2013 Q4,COP,CONOCOPHILLIPS,0.75%,-1
2013 Q4,COST,COSTCO WHOLESALE CORP,0.49%,0
2013 Q4,DE,DEERE & CO,0.35%,0
2013 Q4,DISH,DISH NETWORK CORP-A,0.00%,-1
2013 Q4,DVA,DAVITA INC,2.20%,1
2013 Q4,GE,GENERAL ELECTRIC CO,0.28%,1
2013 Q4,GHC,GRAHAM HOLDINGS CO-CLASS B,1.09%,1
2013 Q4,GM,GENERAL MOTORS CO,1.56%,0
2013 Q4,GS,GOLDMAN SACHS GROUP INC,2.14%,1
2013 Q4,GSK,GLAXOSMITHKLINE PLC-SPON ADR,0.00%,-1
2013 Q4,IBM,INTL BUSINESS MACHINES CORP,12.19%,0
2013 Q4,JNJ,JOHNSON & JOHNSON,0.03%,0
2013 Q4,KO,COCA-COLA CO/THE,15.76%,0
2013 Q4,KRFT,KRAFT FOODS GROUP INC,0.01%,0
2013 Q4,LBTYA,LIBERTY GLOBAL PLC-A,0.25%,1
2013 Q4,LEE,LEE ENTERPRISES,0.00%,0
2013 Q4,MA,MASTERCARD INC - A,0.32%,0
2013 Q4,MCO,MOODY'S CORP,1.85%,-1
2013 Q4,MDLZ,MONDELEZ INTERNATIONAL INC-A,0.02%,0
2013 Q4,MEG,MEDIA GENERAL INC COM STK (VA),0.10%,0
2013 Q4,MTB,M & T BANK CORP,0.60%,0
2013 Q4,NOV,NATIONAL OILWELL VARCO INC,0.67%,0
2013 Q4,PCP,PRECISION CASTPARTS CORP,0.51%,0
2013 Q4,PG,PROCTER & GAMBLE CO/THE,4.10%,0
2013 Q4,PSX,PHILLIPS 66,2.00%,0
2013 Q4,SNY,SANOFI-ADR,0.20%,0
2013 Q4,STRZA,STARZ - A,0.13%,-1
2013 Q4,SU,SUNCOR ENERGY INC,0.43%,-1
2013 Q4,TMJ,TORCHMARK CORP,0.32%,0
2013 Q4,UPS,UNITED PARCEL SERVICE-CL B,0.01%,0
2013 Q4,USB,US BANCORP,3.06%,1
2013 Q4,USG,USG CORP,0.94%,1
2013 Q4,V,VISA INC-CLASS A SHARES,0.33%,0
2013 Q4,VIAB,VIACOM INC-CLASS B,0.63%,0
2013 Q4,VRSK,VERISK ANALYTICS INC,0.10%,0
2013 Q4,VRSN,VERISIGN INC,0.63%,0
2013 Q4,WBC,WABCO HOLDINGS INC,0.36%,0
2013 Q4,WFC,WELLS FARGO & CO,20.07%,1
2013 Q4,WMT,WALMART INC,3.71%,1
2013 Q4,WPO,WASHINGTON POST CO CLB,0.00%,-1
2013 Q4,XOM,EXXON MOBIL CORP,3.97%,1
2014 Q1,1396924D,LIBERTY MEDIA CORP - A,0.66%,0
2014 Q1,1448062D,DIRECTV,2.49%,-1
2014 Q1,AXP,AMERICAN EXPRESS CO,12.90%,0
2014 Q1,BK,BANK OF NEW YORK MELLON CORP,0.82%,0
2014 Q1,CBI,CHICAGO BRIDGE & IRON CO NV,0.79%,0
2014 Q1,COP,CONOCOPHILLIPS,0.74%,0
2014 Q1,COST,COSTCO WHOLESALE CORP,0.46%,0
2014 Q1,DE,DEERE & CO,0.34%,0
2014 Q1,DVA,DAVITA INC,2.45%,1
2014 Q1,GE,GENERAL ELECTRIC CO,0.26%,0
2014 Q1,GHC,GRAHAM HOLDINGS CO-CLASS B,1.15%,0
2014 Q1,GM,GENERAL MOTORS CO,0.98%,-1
2014 Q1,GS,GOLDMAN SACHS GROUP INC,1.96%,0
2014 Q1,IBM,INTL BUSINESS MACHINES CORP,12.44%,1
2014 Q1,JNJ,JOHNSON & JOHNSON,0.03%,0
2014 Q1,KO,COCA-COLA CO/THE,14.62%,0
2014 Q1,KRFT,KRAFT FOODS GROUP INC,0.01%,0
2014 Q1,LBTYA,LIBERTY GLOBAL PLC-A,0.29%,1
2014 Q1,LBTYK,LIBERTY GLOBAL PLC- C,0.28%,1
2014 Q1,LEE,LEE ENTERPRISES,0.00%,0
2014 Q1,MA,MASTERCARD INC - A,0.29%,0
2014 Q1,MCO,MOODY'S CORP,1.85%,0
2014 Q1,MDLZ,MONDELEZ INTERNATIONAL INC-A,0.02%,0
2014 Q1,MEG,MEDIA GENERAL INC COM STK (VA),0.08%,0
2014 Q1,MTB,M & T BANK CORP,0.62%,0
2014 Q1,NOV,NATIONAL OILWELL VARCO INC,0.65%,0
2014 Q1,PCP,PRECISION CASTPARTS CORP,0.47%,0
2014 Q1,PG,PROCTER & GAMBLE CO/THE,4.02%,0
2014 Q1,PSX,PHILLIPS 66,0.71%,-1
2014 Q1,SNY,SANOFI-ADR,0.19%,0
2014 Q1,STRZA,STARZ - A,0.06%,-1
2014 Q1,SU,SUNCOR ENERGY INC,0.43%,0
2014 Q1,TMJ,TORCHMARK CORP,0.32%,0
2014 Q1,UPS,UNITED PARCEL SERVICE-CL B,0.01%,0
2014 Q1,USB,US BANCORP,3.24%,1
2014 Q1,USG,USG CORP,1.08%,0
2014 Q1,V,VISA INC-CLASS A SHARES,0.32%,0
2014 Q1,VIAB,VIACOM INC-CLASS B,0.61%,0
2014 Q1,VRSK,VERISK ANALYTICS INC,0.09%,0
2014 Q1,VRSN,VERISIGN INC,0.60%,1
2014 Q1,VZ,VERIZON COMMUNICATIONS INC,0.50%,1
2014 Q1,WBC,WABCO HOLDINGS INC,0.41%,0
2014 Q1,WFC,WELLS FARGO & CO,21.79%,0
2014 Q1,WMT,WALMART INC,4.19%,1
2014 Q1,XOM,EXXON MOBIL CORP,3.80%,0
2014 Q2,1396924D,LIBERTY MEDIA CORP - A,0.51%,-1
2014 Q2,1448062D,DIRECTV,1.85%,-1
2014 Q2,9876540D,FORMER CHARTER COMMUNICATION,0.34%,1
2014 Q2,AXP,AMERICAN EXPRESS CO,13.37%,0
2014 Q2,BK,BANK OF NEW YORK MELLON CORP,0.86%,0
2014 Q2,CBI,CHICAGO BRIDGE & IRON CO NV,0.68%,1
2014 Q2,COP,CONOCOPHILLIPS,0.11%,-1
2014 Q2,COST,COSTCO WHOLESALE CORP,0.46%,0
2014 Q2,DE,DEERE & CO,0.33%,0
2014 Q2,DNOW,NOW INC,0.06%,1
2014 Q2,DVA,DAVITA INC,2.53%,0
2014 Q2,GE,GENERAL ELECTRIC CO,0.26%,0
2014 Q2,GHC,GRAHAM HOLDINGS CO-CLASS B,0.07%,-1
2014 Q2,GM,GENERAL MOTORS CO,1.11%,1
2014 Q2,GS,GOLDMAN SACHS GROUP INC,1.97%,0
2014 Q2,IBM,INTL BUSINESS MACHINES CORP,11.82%,1
2014 Q2,JNJ,JOHNSON & JOHNSON,0.03%,0
2014 Q2,KO,COCA-COLA CO/THE,15.75%,0
2014 Q2,KRFT,KRAFT FOODS GROUP INC,0.01%,0
2014 Q2,LBTYA,LIBERTY GLOBAL PLC-A,0.41%,1
2014 Q2,LBTYK,LIBERTY GLOBAL PLC- C,0.29%,0
2014 Q2,LEE,LEE ENTERPRISES,0.00%,0
2014 Q2,MA,MASTERCARD INC - A,0.28%,0
2014 Q2,MCO,MOODY'S CORP,2.01%,0
2014 Q2,MDLZ,MONDELEZ INTERNATIONAL INC-A,0.02%,0
2014 Q2,MEG,MEDIA GENERAL INC COM STK (VA),0.09%,0
2014 Q2,MTB,M & T BANK CORP,0.62%,0
2014 Q2,NOV,NATIONAL OILWELL VARCO INC,0.56%,-1
2014 Q2,PCP,PRECISION CASTPARTS CORP,0.44%,-1
2014 Q2,PG,PROCTER & GAMBLE CO/THE,3.86%,0
2014 Q2,PSX,PHILLIPS 66,0.49%,-1
2014 Q2,SNY,SANOFI-ADR,0.19%,0
2014 Q2,STRZA,STARZ - A,0.00%,-1
2014 Q2,SU,SUNCOR ENERGY INC,0.65%,1
2014 Q2,TMJ,TORCHMARK CORP,0.32%,0
2014 Q2,UPS,UNITED PARCEL SERVICE-CL B,0.01%,0
2014 Q2,USB,US BANCORP,3.23%,1
2014 Q2,USG,USG CORP,1.09%,1
2014 Q2,V,VISA INC-CLASS A SHARES,0.35%,1
2014 Q2,VIAB,VIACOM INC-CLASS B,0.61%,0
2014 Q2,VRSK,VERISK ANALYTICS INC,0.09%,0
2014 Q2,VRSN,VERISIGN INC,0.59%,1
2014 Q2,VZ,VERIZON COMMUNICATIONS INC,0.68%,1
2014 Q2,WBC,WABCO HOLDINGS INC,0.40%,0
2014 Q2,WFC,WELLS FARGO & CO,22.64%,0
2014 Q2,WMT,WALMART INC,4.10%,1
2014 Q2,XOM,EXXON MOBIL CORP,3.85%,0
2014 Q3,1396924D,LIBERTY MEDIA CORP - A,0.17%,0
2014 Q3,1396926D,LIBERTY MEDIA CORP - C,0.35%,1
2014 Q3,1448062D,DIRECTV,2.39%,1
2014 Q3,9876540D,FORMER CHARTER COMMUNICATION,0.69%,1
2014 Q3,AXP,AMERICAN EXPRESS CO,12.24%,0
2014 Q3,BK,BANK OF NEW YORK MELLON CORP,0.84%,-1
2014 Q3,CBI,CHICAGO BRIDGE & IRON CO NV,0.57%,0
2014 Q3,COP,CONOCOPHILLIPS,0.03%,-1
2014 Q3,COST,COSTCO WHOLESALE CORP,0.50%,0
2014 Q3,DE,DEERE & CO,0.57%,1
2014 Q3,DNOW,NOW INC,0.05%,0
2014 Q3,DVA,DAVITA INC,2.54%,0
2014 Q3,ESRX,EXPRESS SCRIPTS HOLDING CO,0.03%,1
2014 Q3,GE,GENERAL ELECTRIC CO,0.25%,0
2014 Q3,GHC,GRAHAM HOLDINGS CO-CLASS B,0.07%,0
2014 Q3,GM,GENERAL MOTORS CO,1.18%,1
2014 Q3,GS,GOLDMAN SACHS GROUP INC,2.14%,0
2014 Q3,IBM,INTL BUSINESS MACHINES CORP,12.34%,1
2014 Q3,JNJ,JOHNSON & JOHNSON,0.03%,0
2014 Q3,KO,COCA-COLA CO/THE,15.74%,0
2014 Q3,KRFT,KRAFT FOODS GROUP INC,0.01%,0
2014 Q3,LBTYA,LIBERTY GLOBAL PLC-A,0.41%,1
2014 Q3,LBTYK,LIBERTY GLOBAL PLC- C,0.28%,0
2014 Q3,LEE,LEE ENTERPRISES,0.00%,0
2014 Q3,MA,MASTERCARD INC - A,0.32%,1
2014 Q3,MCO,MOODY'S CORP,2.15%,0
2014 Q3,MDLZ,MONDELEZ INTERNATIONAL INC-A,0.02%,0
2014 Q3,MEG,MEDIA GENERAL INC COM STK (VA),0.06%,0
2014 Q3,MTB,M & T BANK CORP,0.61%,0
2014 Q3,NOV,NATIONAL OILWELL VARCO INC,0.45%,-1
2014 Q3,PCP,PRECISION CASTPARTS CORP,0.46%,1
2014 Q3,PG,PROCTER & GAMBLE CO/THE,4.08%,0
2014 Q3,PSX,PHILLIPS 66,0.47%,-1
2014 Q3,SNY,SANOFI-ADR,0.20%,0
2014 Q3,SU,SUNCOR ENERGY INC,0.62%,1
2014 Q3,TMJ,TORCHMARK CORP,0.31%,1
2014 Q3,UPS,UNITED PARCEL SERVICE-CL B,0.01%,0
2014 Q3,USB,US BANCORP,3.09%,0
2014 Q3,USG,USG CORP,0.99%,0
2014 Q3,V,VISA INC-CLASS A SHARES,0.42%,1
2014 Q3,VIAB,VIACOM INC-CLASS B,0.55%,1
2014 Q3,VRSK,VERISK ANALYTICS INC,0.09%,0
2014 Q3,VRSN,VERISIGN INC,0.66%,0
2014 Q3,VZ,VERIZON COMMUNICATIONS INC,0.69%,0
2014 Q3,WBC,WABCO HOLDINGS INC,0.34%,0
2014 Q3,WFC,WELLS FARGO & CO,22.18%,0
2014 Q3,WMT,WALMART INC,4.26%,1
2014 Q3,XOM,EXXON MOBIL CORP,3.57%,0
2014 Q4,1396924D,LIBERTY MEDIA CORP - A,0.13%,0
2014 Q4,1396926D,LIBERTY MEDIA CORP - C,0.26%,0
2014 Q4,1448062D,DIRECTV,2.49%,1
2014 Q4,1811934D,MEDIA GENERAL INC,0.07%,1
2014 Q4,9876540D,FORMER CHARTER COMMUNICATION,0.94%,1
2014 Q4,AXP,AMERICAN EXPRESS CO,12.90%,0
2014 Q4,BK,BANK OF NEW YORK MELLON CORP,0.82%,-1
2014 Q4,CBI,CHICAGO BRIDGE & IRON CO NV,0.41%,0
2014 Q4,COP,CONOCOPHILLIPS,0.00%,-1
2014 Q4,COST,COSTCO WHOLESALE CORP,0.56%,0
2014 Q4,DE,DEERE & CO,1.38%,1
2014 Q4,DNOW,NOW INC,0.04%,0
2014 Q4,DVA,DAVITA INC,2.67%,1
2014 Q4,ESRX,EXPRESS SCRIPTS HOLDING CO,0.00%,-1
2014 Q4,GE,GENERAL ELECTRIC CO,0.24%,0
2014 Q4,GHC,GRAHAM HOLDINGS CO-CLASS B,0.09%,0
2014 Q4,GM,GENERAL MOTORS CO,1.31%,1
2014 Q4,GS,GOLDMAN SACHS GROUP INC,2.24%,0
2014 Q4,IBM,INTL BUSINESS MACHINES CORP,11.29%,1
2014 Q4,JNJ,JOHNSON & JOHNSON,0.03%,0
2014 Q4,KO,COCA-COLA CO/THE,15.44%,0
2014 Q4,KRFT,KRAFT FOODS GROUP INC,0.01%,0
2014 Q4,LBTYA,LIBERTY GLOBAL PLC-A,0.50%,1
2014 Q4,LBTYK,LIBERTY GLOBAL PLC- C,0.32%,0
2014 Q4,LEE,LEE ENTERPRISES,0.00%,0
2014 Q4,MA,MASTERCARD INC - A,0.43%,1
2014 Q4,MCO,MOODY'S CORP,2.16%,0
2014 Q4,MDLZ,MONDELEZ INTERNATIONAL INC-A,0.02%,0
2014 Q4,MEG,MEDIA GENERAL INC COM STK (VA),0.00%,-1
2014 Q4,MTB,M & T BANK CORP,0.62%,0
2014 Q4,NOV,NATIONAL OILWELL VARCO INC,0.32%,-1
2014 Q4,NWS.A,NEWS CORP-CL A,0.17%,1
2014 Q4,PCP,PRECISION CASTPARTS CORP,0.63%,1
2014 Q4,PG,PROCTER & GAMBLE CO/THE,4.40%,0
2014 Q4,PSX,PHILLIPS 66,0.43%,1
2014 Q4,QSR,RESTAURANT BRANDS INTERN,0.30%,1
2014 Q4,SNY,SANOFI-ADR,0.16%,0
2014 Q4,SU,SUNCOR ENERGY INC,0.65%,1
2014 Q4,TMJ,TORCHMARK CORP,0.31%,0
2014 Q4,UPS,UNITED PARCEL SERVICE-CL B,0.01%,0
2014 Q4,USB,US BANCORP,3.29%,0
2014 Q4,USG,USG CORP,1.00%,0
2014 Q4,V,VISA INC-CLASS A SHARES,0.60%,1
2014 Q4,VIAB,VIACOM INC-CLASS B,0.59%,1
2014 Q4,VRSK,VERISK ANALYTICS INC,0.09%,0
2014 Q4,VRSN,VERISIGN INC,0.68%,0
2014 Q4,VZ,VERIZON COMMUNICATIONS INC,0.64%,0
2014 Q4,WBC,WABCO HOLDINGS INC,0.39%,0
2014 Q4,WFC,WELLS FARGO & CO,23.23%,0
2014 Q4,WMT,WALMART INC,4.74%,0
2014 Q4,XOM,EXXON MOBIL CORP,0.00%,-1
2015 Q1,1396924D,LIBERTY MEDIA CORP - A,0.14%,0
2015 Q1,1396926D,LIBERTY MEDIA CORP - C,0.29%,0
2015 Q1,1448062D,DIRECTV,2.49%,0
2015 Q1,1811934D,MEDIA GENERAL INC,0.07%,0
2015 Q1,9876540D,FORMER CHARTER COMMUNICATION,1.08%,-1
2015 Q1,AXP,AMERICAN EXPRESS CO,11.06%,0
2015 Q1,BK,BANK OF NEW YORK MELLON CORP,0.78%,-1
2015 Q1,CBI,CHICAGO BRIDGE & IRON CO NV,0.49%,0
2015 Q1,COST,COSTCO WHOLESALE CORP,0.61%,0
2015 Q1,DE,DEERE & CO,1.42%,1
2015 Q1,DNOW,NOW INC,0.04%,0
2015 Q1,DVA,DAVITA INC,2.93%,0
2015 Q1,GE,GENERAL ELECTRIC CO,0.25%,0
2015 Q1,GHC,GRAHAM HOLDINGS CO-CLASS B,0.11%,0
2015 Q1,GM,GENERAL MOTORS CO,1.44%,0
2015 Q1,GS,GOLDMAN SACHS GROUP INC,2.22%,0
2015 Q1,IBM,INTL BUSINESS MACHINES CORP,11.92%,1
2015 Q1,JNJ,JOHNSON & JOHNSON,0.03%,0
2015 Q1,KO,COCA-COLA CO/THE,15.14%,0
2015 Q1,KRFT,KRAFT FOODS GROUP INC,0.02%,0
2015 Q1,LBTYA,LIBERTY GLOBAL PLC-A,0.50%,-1
2015 Q1,LBTYK,LIBERTY GLOBAL PLC- C,0.34%,0
2015 Q1,LEE,LEE ENTERPRISES,0.00%,0
2015 Q1,MA,MASTERCARD INC - A,0.42%,-1
2015 Q1,MCO,MOODY'S CORP,2.39%,0
2015 Q1,MDLZ,MONDELEZ INTERNATIONAL INC-A,0.02%,0
2015 Q1,MTB,M & T BANK CORP,0.64%,0
2015 Q1,NOV,NATIONAL OILWELL VARCO INC,0.09%,-1
2015 Q1,NWS.A,NEWS CORP-CL A,0.20%,1
2015 Q1,PCP,PRECISION CASTPARTS CORP,0.82%,1
2015 Q1,PG,PROCTER & GAMBLE CO/THE,4.04%,0
2015 Q1,PSX,PHILLIPS 66,0.55%,1
2015 Q1,QSR,RESTAURANT BRANDS INTERN,0.30%,0
2015 Q1,SNY,SANOFI-ADR,0.18%,0
2015 Q1,SU,SUNCOR ENERGY INC,0.61%,0
2015 Q1,TMJ,TORCHMARK CORP,0.33%,0
2015 Q1,UPS,UNITED PARCEL SERVICE-CL B,0.01%,0
2015 Q1,USB,US BANCORP,3.41%,1
2015 Q1,USG,USG CORP,0.97%,0
2015 Q1,V,VISA INC-CLASS A SHARES,0.60%,-1
2015 Q1,VIAB,VIACOM INC-CLASS B,0.53%,-1
2015 Q1,VRSK,VERISK ANALYTICS INC,0.10%,0
2015 Q1,VRSN,VERISIGN INC,0.81%,0
2015 Q1,VZ,VERIZON COMMUNICATIONS INC,0.68%,0
2015 Q1,WBC,WABCO HOLDINGS INC,0.44%,-1
2015 Q1,WFC,WELLS FARGO & CO,23.88%,1
2015 Q1,WMT,WALMART INC,4.64%,0
2015 Q2,1396924D,LIBERTY MEDIA CORP - A,0.13%,0
2015 Q2,1396926D,LIBERTY MEDIA CORP - C,0.26%,0
2015 Q2,1448062D,DIRECTV,2.66%,0
2015 Q2,1811934D,MEDIA GENERAL INC,0.07%,0
2015 Q2,9876540D,FORMER CHARTER COMMUNICATION,1.33%,1
2015 Q2,AXP,AMERICAN EXPRESS CO,10.75%,0
2015 Q2,AXTA,AXALTA COATING SYSTEMS LTD,0.60%,1
2015 Q2,BK,BANK OF NEW YORK MELLON CORP,0.79%,0
2015 Q2,CBI,CHICAGO BRIDGE & IRON CO NV,0.43%,-1
2015 Q2,COST,COSTCO WHOLESALE CORP,0.53%,0
2015 Q2,DE,DEERE & CO,1.53%,0
2015 Q2,DNOW,NOW INC,0.03%,0
2015 Q2,DVA,DAVITA INC,2.80%,0
2015 Q2,GE,GENERAL ELECTRIC CO,0.26%,0
2015 Q2,GHC,GRAHAM HOLDINGS CO-CLASS B,0.11%,0
2015 Q2,GM,GENERAL MOTORS CO,1.25%,0
2015 Q2,GS,GOLDMAN SACHS GROUP INC,2.41%,0
2015 Q2,IBM,INTL BUSINESS MACHINES CORP,11.81%,0
2015 Q2,JNJ,JOHNSON & JOHNSON,0.03%,0
2015 Q2,KO,COCA-COLA CO/THE,14.32%,0
2015 Q2,KRFT,KRAFT FOODS GROUP INC,0.02%,0
2015 Q2,LBTYA,LIBERTY GLOBAL PLC-A,0.51%,0
2015 Q2,LBTYK,LIBERTY GLOBAL PLC- C,0.34%,0
2015 Q2,LEE,LEE ENTERPRISES,0.00%,0
2015 Q2,MA,MASTERCARD INC - A,0.45%,0
2015 Q2,MCO,MOODY'S CORP,2.43%,0
2015 Q2,MDLZ,MONDELEZ INTERNATIONAL INC-A,0.02%,0
2015 Q2,MTB,M & T BANK CORP,0.61%,0
2015 Q2,NOV,NATIONAL OILWELL VARCO INC,0.00%,-1
2015 Q2,NWS.A,NEWS CORP-CL A,0.19%,0
2015 Q2,PCP,PRECISION CASTPARTS CORP,0.77%,0
2015 Q2,PG,PROCTER & GAMBLE CO/THE,3.77%,0
2015 Q2,PSX,PHILLIPS 66,2.18%,1
2015 Q2,QSR,RESTAURANT BRANDS INTERN,0.29%,0
2015 Q2,SNY,SANOFI-ADR,0.18%,0
2015 Q2,SU,SUNCOR ENERGY INC,0.56%,0
2015 Q2,TMJ,TORCHMARK CORP,0.34%,0
2015 Q2,UPS,UNITED PARCEL SERVICE-CL B,0.01%,0
2015 Q2,USB,US BANCORP,3.37%,1
2015 Q2,USG,USG CORP,0.99%,0
2015 Q2,V,VISA INC-CLASS A SHARES,0.61%,0
2015 Q2,VIAB,VIACOM INC-CLASS B,0.33%,-1
2015 Q2,VRSK,VERISK ANALYTICS INC,0.10%,0
2015 Q2,VRSN,VERISIGN INC,0.73%,0
2015 Q2,VZ,VERIZON COMMUNICATIONS INC,0.64%,0
2015 Q2,WBC,WABCO HOLDINGS INC,0.43%,-1
2015 Q2,WFC,WELLS FARGO & CO,24.14%,0
2015 Q2,WMT,WALMART INC,3.91%,0
2015 Q3,1396924D,LIBERTY MEDIA CORP - A,0.22%,1
2015 Q3,1396926D,LIBERTY MEDIA CORP - C,0.42%,1
2015 Q3,1448062D,DIRECTV,0.00%,-1
2015 Q3,1811934D,MEDIA GENERAL INC,0.04%,-1
2015 Q3,9876540D,FORMER CHARTER COMMUNICATION,1.42%,1
2015 Q3,9999825D,LIBERTY GLOBAL PLC LILAC - A,0.01%,1
2015 Q3,9999826D,LIBERTY GLOBAL PLC LILAC - C,0.01%,1
2015 Q3,AXP,AMERICAN EXPRESS CO,8.82%,0
2015 Q3,AXTA,AXALTA COATING SYSTEMS LTD,0.46%,1
2015 Q3,BK,BANK OF NEW YORK MELLON CORP,0.62%,-1
2015 Q3,CBI,CHICAGO BRIDGE & IRON CO NV,0.06%,-1
2015 Q3,COST,COSTCO WHOLESALE CORP,0.49%,0
2015 Q3,DE,DEERE & CO,0.99%,-1
2015 Q3,DNOW,NOW INC,0.02%,0
2015 Q3,DVA,DAVITA INC,2.19%,0
2015 Q3,GE,GENERAL ELECTRIC CO,0.21%,0
2015 Q3,GHC,GRAHAM HOLDINGS CO-CLASS B,0.05%,0
2015 Q3,GM,GENERAL MOTORS CO,1.18%,1
2015 Q3,GS,GOLDMAN SACHS GROUP INC,1.49%,-1
2015 Q3,IBM,INTL BUSINESS MACHINES CORP,9.22%,1
2015 Q3,JNJ,JOHNSON & JOHNSON,0.02%,0
2015 Q3,KHC,KRAFT HEINZ CO/THE,18.04%,1
2015 Q3,KO,COCA-COLA CO/THE,12.60%,0
2015 Q3,KRFT,KRAFT FOODS GROUP INC,0.00%,-1
2015 Q3,LBTYA,LIBERTY GLOBAL PLC-A,0.40%,1
2015 Q3,LBTYK,LIBERTY GLOBAL PLC- C,0.24%,0
2015 Q3,LEE,LEE ENTERPRISES,0.00%,0
2015 Q3,MA,MASTERCARD INC - A,0.37%,0
2015 Q3,MCO,MOODY'S CORP,1.90%,0
2015 Q3,MDLZ,MONDELEZ INTERNATIONAL INC-A,0.02%,0
2015 Q3,MTB,M & T BANK CORP,0.52%,0
2015 Q3,NWS.A,NEWS CORP-CL A,0.19%,1
2015 Q3,PCP,PRECISION CASTPARTS CORP,0.76%,0
2015 Q3,PG,PROCTER & GAMBLE CO/THE,2.98%,0
2015 Q3,PSX,PHILLIPS 66,3.71%,1
2015 Q3,QSR,RESTAURANT BRANDS INTERN,0.24%,0
2015 Q3,SNY,SANOFI-ADR,0.15%,0
2015 Q3,SU,SUNCOR ENERGY INC,0.63%,1
2015 Q3,T,AT&T INC,1.52%,1
2015 Q3,TMJ,TORCHMARK CORP,0.28%,0
2015 Q3,UPS,UNITED PARCEL SERVICE-CL B,0.00%,0
2015 Q3,USB,US BANCORP,2.74%,0
2015 Q3,USG,USG CORP,0.81%,0
2015 Q3,V,VISA INC-CLASS A SHARES,0.54%,0
2015 Q3,VIAB,VIACOM INC-CLASS B,0.00%,-1
2015 Q3,VRSK,VERISK ANALYTICS INC,0.09%,0
2015 Q3,VRSN,VERISIGN INC,0.72%,0
2015 Q3,VZ,VERIZON COMMUNICATIONS INC,0.51%,0
2015 Q3,WBC,WABCO HOLDINGS INC,0.29%,-1
2015 Q3,WFC,WELLS FARGO & CO,18.95%,0
2015 Q3,WMT,WALMART INC,2.86%,-1
2015 Q4,1396924D,LIBERTY MEDIA CORP - A,0.23%,0
2015 Q4,1396926D,LIBERTY MEDIA CORP - C,0.44%,0
2015 Q4,1811934D,MEDIA GENERAL INC,0.04%,0
2015 Q4,9876540D,FORMER CHARTER COMMUNICATION,1.43%,0
2015 Q4,9999825D,LIBERTY GLOBAL PLC LILAC - A,0.02%,0
2015 Q4,9999826D,LIBERTY GLOBAL PLC LILAC - C,0.01%,0
2015 Q4,AXP,AMERICAN EXPRESS CO,8.00%,0
2015 Q4,AXTA,AXALTA COATING SYSTEMS LTD,0.47%,1
2015 Q4,BK,BANK OF NEW YORK MELLON CORP,0.63%,0
2015 Q4,CBI,CHICAGO BRIDGE & IRON CO NV,0.00%,-1
2015 Q4,COST,COSTCO WHOLESALE CORP,0.53%,0
2015 Q4,DE,DEERE & CO,1.32%,1
2015 Q4,DNOW,NOW INC,0.02%,0
2015 Q4,DVA,DAVITA INC,2.04%,0
2015 Q4,GE,GENERAL ELECTRIC CO,0.25%,0
2015 Q4,GHC,GRAHAM HOLDINGS CO-CLASS B,0.04%,0
2015 Q4,GM,GENERAL MOTORS CO,1.29%,0
2015 Q4,GS,GOLDMAN SACHS GROUP INC,1.50%,0
2015 Q4,IBM,INTL BUSINESS MACHINES CORP,8.46%,0
2015 Q4,JNJ,JOHNSON & JOHNSON,0.03%,0
2015 Q4,KHC,KRAFT HEINZ CO/THE,17.97%,0
2015 Q4,KMI,KINDER MORGAN INC,0.30%,1
2015 Q4,KO,COCA-COLA CO/THE,13.03%,0
2015 Q4,LBTYA,LIBERTY GLOBAL PLC-A,0.40%,1
2015 Q4,LBTYK,LIBERTY GLOBAL PLC- C,0.23%,0
2015 Q4,LEE,LEE ENTERPRISES,0.00%,0
2015 Q4,MA,MASTERCARD INC - A,0.39%,0
2015 Q4,MCO,MOODY'S CORP,1.88%,0
2015 Q4,MDLZ,MONDELEZ INTERNATIONAL INC-A,0.02%,0
2015 Q4,MTB,M & T BANK CORP,0.49%,0
2015 Q4,NWS.A,NEWS CORP-CL A,0.18%,0
2015 Q4,PCP,PRECISION CASTPARTS CORP,0.74%,0
2015 Q4,PG,PROCTER & GAMBLE CO/THE,3.18%,0
2015 Q4,PSX,PHILLIPS 66,3.81%,0
2015 Q4,QSR,RESTAURANT BRANDS INTERN,0.24%,0
2015 Q4,SNY,SANOFI-ADR,0.13%,0
2015 Q4,SU,SUNCOR ENERGY INC,0.59%,0
2015 Q4,T,AT&T INC,1.22%,-1
2015 Q4,TMJ,TORCHMARK CORP,0.28%,0
2015 Q4,UPS,UNITED PARCEL SERVICE-CL B,0.00%,0
2015 Q4,USB,US BANCORP,2.75%,0
2015 Q4,USG,USG CORP,0.72%,0
2015 Q4,V,VISA INC-CLASS A SHARES,0.58%,0
2015 Q4,VRSK,VERISK ANALYTICS INC,0.09%,0
2015 Q4,VRSN,VERISIGN INC,0.86%,0
2015 Q4,VZ,VERIZON COMMUNICATIONS INC,0.53%,0
2015 Q4,WBC,WABCO HOLDINGS INC,0.26%,-1
2015 Q4,WFC,WELLS FARGO & CO,19.78%,1
2015 Q4,WMT,WALMART INC,2.61%,0
2016 Q1,1396924D,LIBERTY MEDIA CORP - A,0.30%,1
2016 Q1,1396926D,LIBERTY MEDIA CORP - C,0.59%,1
2016 Q1,1811934D,MEDIA GENERAL INC,0.04%,0
2016 Q1,9876540D,FORMER CHARTER COMMUNICATION,1.63%,1
2016 Q1,9999825D,LIBERTY GLOBAL PLC LILAC - A,0.01%,0
2016 Q1,9999826D,LIBERTY GLOBAL PLC LILAC - C,0.01%,0
2016 Q1,AAPL,APPLE INC,0.83%,1
2016 Q1,AXP,AMERICAN EXPRESS CO,7.24%,0
2016 Q1,AXTA,AXALTA COATING SYSTEMS LTD,0.53%,0
2016 Q1,BK,BANK OF NEW YORK MELLON CORP,0.60%,1
2016 Q1,COST,COSTCO WHOLESALE CORP,0.53%,0
2016 Q1,DE,DEERE & CO,1.39%,1
2016 Q1,DNOW,NOW INC,0.03%,0
2016 Q1,DVA,DAVITA INC,2.20%,0
2016 Q1,GE,GENERAL ELECTRIC CO,0.26%,0
2016 Q1,GHC,GRAHAM HOLDINGS CO-CLASS B,0.04%,0
2016 Q1,GM,GENERAL MOTORS CO,1.22%,0
2016 Q1,GS,GOLDMAN SACHS GROUP INC,1.34%,0
2016 Q1,IBM,INTL BUSINESS MACHINES CORP,9.57%,1
2016 Q1,JNJ,JOHNSON & JOHNSON,0.03%,0
2016 Q1,KHC,KRAFT HEINZ CO/THE,19.90%,0
2016 Q1,KMI,KINDER MORGAN INC,0.37%,0
2016 Q1,KO,COCA-COLA CO/THE,14.43%,0
2016 Q1,LBTYA,LIBERTY GLOBAL PLC-A,0.47%,1
2016 Q1,LBTYK,LIBERTY GLOBAL PLC- C,0.21%,0
2016 Q1,LEE,LEE ENTERPRISES,0.00%,0
2016 Q1,MA,MASTERCARD INC - A,0.36%,-1
2016 Q1,MCO,MOODY'S CORP,1.85%,0
2016 Q1,MDLZ,MONDELEZ INTERNATIONAL INC-A,0.02%,0
2016 Q1,MTB,M & T BANK CORP,0.46%,0
2016 Q1,NWS.A,NEWS CORP-CL A,0.19%,0
2016 Q1,PCP,PRECISION CASTPARTS CORP,0.00%,-1
2016 Q1,PG,PROCTER & GAMBLE CO/THE,0.02%,-1
2016 Q1,PSX,PHILLIPS 66,5.09%,1
2016 Q1,QSR,RESTAURANT BRANDS INTERN,0.25%,0
2016 Q1,SNY,SANOFI-ADR,0.12%,0
2016 Q1,SU,SUNCOR ENERGY INC,0.65%,0
2016 Q1,T,AT&T INC,0.00%,-1
2016 Q1,TMJ,TORCHMARK CORP,0.27%,0
2016 Q1,UPS,UNITED PARCEL SERVICE-CL B,0.00%,0
2016 Q1,USB,US BANCORP,2.69%,0
2016 Q1,USG,USG CORP,0.75%,0
2016 Q1,V,VISA INC-CLASS A SHARES,0.61%,1
2016 Q1,VRSK,VERISK ANALYTICS INC,0.10%,0
2016 Q1,VRSN,VERISIGN INC,0.89%,0
2016 Q1,VZ,VERIZON COMMUNICATIONS INC,0.63%,0
2016 Q1,WBC,WABCO HOLDINGS INC,0.27%,-1
2016 Q1,WFC,WELLS FARGO & CO,18.04%,0
2016 Q1,WMT,WALMART INC,2.94%,-1
2016 Q2,1396924D,LIBERTY MEDIA CORP - A,0.00%,-1
2016 Q2,1396926D,LIBERTY MEDIA CORP - C,0.00%,-1
2016 Q2,1811934D,MEDIA GENERAL INC,0.05%,0
2016 Q2,9876540D,FORMER CHARTER COMMUNICATION,0.00%,-1
2016 Q2,9999825D,LIBERTY GLOBAL PLC LILAC - A,0.07%,1
2016 Q2,9999826D,LIBERTY GLOBAL PLC LILAC - C,0.03%,1
2016 Q2,AAPL,APPLE INC,1.12%,1
2016 Q2,AXP,AMERICAN EXPRESS CO,7.10%,0
2016 Q2,AXTA,AXALTA COATING SYSTEMS LTD,0.48%,0
2016 Q2,BK,BANK OF NEW YORK MELLON CORP,0.62%,0
2016 Q2,CHTR,CHARTER COMMUNICATIONS INC-A,1.65%,1
2016 Q2,COST,COSTCO WHOLESALE CORP,0.52%,0
2016 Q2,DE,DEERE & CO,1.37%,-1
2016 Q2,DNOW,NOW INC,0.03%,0
2016 Q2,DVA,DAVITA INC,2.30%,0
2016 Q2,FWONA,LIBERTY MEDIA CORP-LIBERTY-A,0.04%,1
2016 Q2,FWONK,LIBERTY MEDIA CORP-LIBERTY-C,0.07%,1
2016 Q2,GE,GENERAL ELECTRIC CO,0.26%,0
2016 Q2,GHC,GRAHAM HOLDINGS CO-CLASS B,0.04%,0
2016 Q2,GM,GENERAL MOTORS CO,1.09%,0
2016 Q2,GS,GOLDMAN SACHS GROUP INC,1.26%,0
2016 Q2,IBM,INTL BUSINESS MACHINES CORP,9.51%,0
2016 Q2,JNJ,JOHNSON & JOHNSON,0.03%,0
2016 Q2,KHC,KRAFT HEINZ CO/THE,22.21%,0
2016 Q2,KMI,KINDER MORGAN INC,0.38%,0
2016 Q2,KO,COCA-COLA CO/THE,13.98%,0
2016 Q2,LBTYA,LIBERTY GLOBAL PLC-A,0.43%,1
2016 Q2,LBTYK,LIBERTY GLOBAL PLC- C,0.16%,0
2016 Q2,LEE,LEE ENTERPRISES,0.00%,0
2016 Q2,LSXMA,LIBERTY MEDIA COR-SIRIUSXM A,0.24%,1
2016 Q2,LSXMK,LIBERTY MEDIA COR-SIRIUSXM C,0.48%,1
2016 Q2,MA,MASTERCARD INC - A,0.34%,0
2016 Q2,MCO,MOODY'S CORP,1.78%,0
2016 Q2,MDLZ,MONDELEZ INTERNATIONAL INC-A,0.02%,0
2016 Q2,MTB,M & T BANK CORP,0.49%,0
2016 Q2,NWS.A,NEWS CORP-CL A,0.19%,0
2016 Q2,PG,PROCTER & GAMBLE CO/THE,0.02%,0
2016 Q2,PSX,PHILLIPS 66,4.82%,1
2016 Q2,QSR,RESTAURANT BRANDS INTERN,0.27%,0
2016 Q2,SNY,SANOFI-ADR,0.13%,0
2016 Q2,SU,SUNCOR ENERGY INC,0.48%,-1
2016 Q2,TMJ,TORCHMARK CORP,0.30%,0
2016 Q2,UPS,UNITED PARCEL SERVICE-CL B,0.00%,0
2016 Q2,USB,US BANCORP,2.64%,0
2016 Q2,USG,USG CORP,0.81%,0
2016 Q2,V,VISA INC-CLASS A SHARES,0.59%,0
2016 Q2,VRSK,VERISK ANALYTICS INC,0.10%,0
2016 Q2,VRSN,VERISIGN INC,0.86%,-1
2016 Q2,VZ,VERIZON COMMUNICATIONS INC,0.65%,0
2016 Q2,WBC,WABCO HOLDINGS INC,0.23%,0
2016 Q2,WFC,WELLS FARGO & CO,17.50%,0
2016 Q2,WMT,WALMART INC,2.26%,-1
2016 Q3,1811934D,MEDIA GENERAL INC,0.00%,-1
2016 Q3,9999825D,LIBERTY GLOBAL PLC LILAC - A,0.06%,0
2016 Q3,9999826D,LIBERTY GLOBAL PLC LILAC - C,0.03%,0
2016 Q3,AAL,AMERICAN AIRLINES GROUP INC,0.62%,1
2016 Q3,AAPL,APPLE INC,1.34%,0
2016 Q3,AXP,AMERICAN EXPRESS CO,7.54%,0
2016 Q3,AXTA,AXALTA COATING SYSTEMS LTD,0.51%,0
2016 Q3,BK,BANK OF NEW YORK MELLON CORP,0.65%,1
2016 Q3,CHTR,CHARTER COMMUNICATIONS INC-A,1.98%,1
2016 Q3,COST,COSTCO WHOLESALE CORP,0.51%,0
2016 Q3,DAL,DELTA AIR LINES INC,0.19%,1
2016 Q3,DE,DEERE & CO,1.40%,-1
2016 Q3,DNOW,NOW INC,0.03%,0
2016 Q3,DVA,DAVITA INC,1.98%,0
2016 Q3,FWONA,LIBERTY MEDIA CORP-LIBERTY-A,0.03%,-1
2016 Q3,FWONK,LIBERTY MEDIA CORP-LIBERTY-C,0.07%,-1
2016 Q3,GE,GENERAL ELECTRIC CO,0.24%,0
2016 Q3,GHC,GRAHAM HOLDINGS CO-CLASS B,0.04%,0
2016 Q3,GM,GENERAL MOTORS CO,1.23%,0
2016 Q3,GS,GOLDMAN SACHS GROUP INC,1.37%,0
2016 Q3,IBM,INTL BUSINESS MACHINES CORP,10.02%,0
2016 Q3,JNJ,JOHNSON & JOHNSON,0.03%,0
2016 Q3,KHC,KRAFT HEINZ CO/THE,22.63%,0
2016 Q3,KMI,KINDER MORGAN INC,0.36%,-1
2016 Q3,KO,COCA-COLA CO/THE,13.14%,0
2016 Q3,LBTYA,LIBERTY GLOBAL PLC-A,0.54%,1
2016 Q3,LBTYK,LIBERTY GLOBAL PLC- C,0.19%,0
2016 Q3,LEE,LEE ENTERPRISES,0.00%,0
2016 Q3,LSXMA,LIBERTY MEDIA COR-SIRIUSXM A,0.27%,1
2016 Q3,LSXMK,LIBERTY MEDIA COR-SIRIUSXM C,0.58%,1
2016 Q3,MA,MASTERCARD INC - A,0.39%,0
2016 Q3,MCO,MOODY'S CORP,2.07%,0
2016 Q3,MDLZ,MONDELEZ INTERNATIONAL INC-A,0.02%,0
2016 Q3,MTB,M & T BANK CORP,0.49%,0
2016 Q3,NWS.A,NEWS CORP-CL A,0.17%,0
2016 Q3,PG,PROCTER & GAMBLE CO/THE,0.02%,0
2016 Q3,PSX,PHILLIPS 66,5.05%,1
2016 Q3,QSR,RESTAURANT BRANDS INTERN,0.29%,0
2016 Q3,SNY,SANOFI-ADR,0.12%,0
2016 Q3,SU,SUNCOR ENERGY INC,0.00%,-1
2016 Q3,TMJ,TORCHMARK CORP,0.32%,0
2016 Q3,UAL,UNITED AIRLINES HOLDINGS INC,0.18%,1
2016 Q3,UPS,UNITED PARCEL SERVICE-CL B,0.01%,0
2016 Q3,USB,US BANCORP,2.83%,0
2016 Q3,USG,USG CORP,0.78%,0
2016 Q3,V,VISA INC-CLASS A SHARES,0.68%,1
2016 Q3,VRSK,VERISK ANALYTICS INC,0.10%,0
2016 Q3,VRSN,VERISIGN INC,0.79%,0
2016 Q3,VZ,VERIZON COMMUNICATIONS INC,0.61%,0
2016 Q3,WBC,WABCO HOLDINGS INC,0.30%,1
2016 Q3,WFC,WELLS FARGO & CO,16.49%,0
2016 Q3,WMT,WALMART INC,0.73%,-1
2016 Q4,1856613D,MONSANTO CO,0.57%,1
2016 Q4,9999825D,LIBERTY GLOBAL PLC LILAC - A,0.04%,0
2016 Q4,9999826D,LIBERTY GLOBAL PLC LILAC - C,0.02%,0
2016 Q4,AAL,AMERICAN AIRLINES GROUP INC,1.44%,1
2016 Q4,AAPL,APPLE INC,4.49%,1
2016 Q4,AXP,AMERICAN EXPRESS CO,7.59%,0
2016 Q4,AXTA,AXALTA COATING SYSTEMS LTD,0.43%,0
2016 Q4,BK,BANK OF NEW YORK MELLON CORP,0.69%,1
2016 Q4,CHTR,CHARTER COMMUNICATIONS INC-A,1.84%,0
2016 Q4,COST,COSTCO WHOLESALE CORP,0.47%,0
2016 Q4,DAL,DELTA AIR LINES INC,2.00%,1
2016 Q4,DE,DEERE & CO,0.00%,-1
2016 Q4,DNOW,NOW INC,0.00%,-1
2016 Q4,DVA,DAVITA INC,1.67%,0
2016 Q4,FWONA,LIBERTY MEDIA CORP-LIBERTY-A,0.00%,-1
2016 Q4,FWONK,LIBERTY MEDIA CORP-LIBERTY-C,0.00%,-1
2016 Q4,GE,GENERAL ELECTRIC CO,0.23%,0
2016 Q4,GHC,GRAHAM HOLDINGS CO-CLASS B,0.04%,0
2016 Q4,GM,GENERAL MOTORS CO,1.18%,0
2016 Q4,GS,GOLDMAN SACHS GROUP INC,1.77%,0
2016 Q4,IBM,INTL BUSINESS MACHINES CORP,9.11%,0
2016 Q4,JNJ,JOHNSON & JOHNSON,0.03%,0
2016 Q4,KHC,KRAFT HEINZ CO/THE,19.21%,0
2016 Q4,KMI,KINDER MORGAN INC,0.00%,-1
2016 Q4,KO,COCA-COLA CO/THE,11.21%,0
2016 Q4,LBTYA,LIBERTY GLOBAL PLC-A,0.42%,0
2016 Q4,LBTYK,LIBERTY GLOBAL PLC- C,0.15%,0
2016 Q4,LEE,LEE ENTERPRISES,0.00%,-1
2016 Q4,LSXMA,LIBERTY MEDIA COR-SIRIUSXM A,0.23%,0
2016 Q4,LSXMK,LIBERTY MEDIA COR-SIRIUSXM C,0.51%,0
2016 Q4,LUV,SOUTHWEST AIRLINES CO,1.46%,1
2016 Q4,MA,MASTERCARD INC - A,0.34%,0
2016 Q4,MCO,MOODY'S CORP,1.57%,0
2016 Q4,MDLZ,MONDELEZ INTERNATIONAL INC-A,0.02%,0
2016 Q4,MTB,M & T BANK CORP,0.57%,0
2016 Q4,NWS.A,NEWS CORP-CL A,0.17%,0
2016 Q4,PG,PROCTER & GAMBLE CO/THE,0.02%,0
2016 Q4,PSX,PHILLIPS 66,4.71%,0
2016 Q4,QSR,RESTAURANT BRANDS INTERN,0.27%,0
2016 Q4,SIRI,SIRIUS XM HOLDINGS INC,0.50%,1
2016 Q4,SNY,SANOFI-ADR,0.11%,0
2016 Q4,TMJ,TORCHMARK CORP,0.32%,0
2016 Q4,UAL,UNITED AIRLINES HOLDINGS INC,1.43%,1
2016 Q4,UPS,UNITED PARCEL SERVICE-CL B,0.00%,0
2016 Q4,USB,US BANCORP,2.95%,0
2016 Q4,USG,USG CORP,0.76%,0
2016 Q4,V,VISA INC-CLASS A SHARES,0.56%,0
2016 Q4,VRSK,VERISK ANALYTICS INC,0.09%,0
2016 Q4,VRSN,VERISIGN INC,0.67%,0
2016 Q4,VZ,VERIZON COMMUNICATIONS INC,0.00%,-1
2016 Q4,WBC,WABCO HOLDINGS INC,0.24%,0
2016 Q4,WFC,WELLS FARGO & CO,17.86%,0
2016 Q4,WMT,WALMART INC,0.07%,-1
2017 Q1,1856613D,MONSANTO CO,0.56%,0
2017 Q1,9999825D,LIBERTY GLOBAL PLC LILAC - A,0.04%,0
2017 Q1,9999826D,LIBERTY GLOBAL PLC LILAC - C,0.02%,0
2017 Q1,AAL,AMERICAN AIRLINES GROUP INC,1.29%,1
2017 Q1,AAPL,APPLE INC,11.48%,1
2017 Q1,AXP,AMERICAN EXPRESS CO,7.41%,0
2017 Q1,AXTA,AXALTA COATING SYSTEMS LTD,0.46%,0
2017 Q1,BK,BANK OF NEW YORK MELLON CORP,0.96%,1
2017 Q1,CHTR,CHARTER COMMUNICATIONS INC-A,1.91%,0
2017 Q1,COST,COSTCO WHOLESALE CORP,0.45%,0
2017 Q1,DAL,DELTA AIR LINES INC,1.56%,-1
2017 Q1,DVA,DAVITA INC,1.62%,0
2017 Q1,GE,GENERAL ELECTRIC CO,0.19%,0
2017 Q1,GHC,GRAHAM HOLDINGS CO-CLASS B,0.04%,0
2017 Q1,GM,GENERAL MOTORS CO,1.09%,0
2017 Q1,GS,GOLDMAN SACHS GROUP INC,1.56%,0
2017 Q1,IBM,INTL BUSINESS MACHINES CORP,6.95%,-1
2017 Q1,JNJ,JOHNSON & JOHNSON,0.03%,0
2017 Q1,KHC,KRAFT HEINZ CO/THE,18.27%,0
2017 Q1,KO,COCA-COLA CO/THE,10.49%,0
2017 Q1,LBTYA,LIBERTY GLOBAL PLC-A,0.45%,0
2017 Q1,LBTYK,LIBERTY GLOBAL PLC- C,0.16%,0
2017 Q1,LSXMA,LIBERTY MEDIA COR-SIRIUSXM A,0.25%,1
2017 Q1,LSXMK,LIBERTY MEDIA COR-SIRIUSXM C,0.53%,1
2017 Q1,LUV,SOUTHWEST AIRLINES CO,1.58%,1
2017 Q1,MA,MASTERCARD INC - A,0.34%,0
2017 Q1,MCO,MOODY'S CORP,1.71%,0
2017 Q1,MDLZ,MONDELEZ INTERNATIONAL INC-A,0.02%,0
2017 Q1,MTB,M & T BANK CORP,0.51%,0
2017 Q1,NWS.A,NEWS CORP-CL A,0.00%,-1
2017 Q1,PG,PROCTER & GAMBLE CO/THE,0.02%,0
2017 Q1,PSX,PHILLIPS 66,3.95%,0
2017 Q1,QSR,RESTAURANT BRANDS INTERN,0.29%,0
2017 Q1,SIRI,SIRIUS XM HOLDINGS INC,0.55%,1
2017 Q1,SNY,SANOFI-ADR,0.11%,0
2017 Q1,TMJ,TORCHMARK CORP,0.30%,0
2017 Q1,UAL,UNITED AIRLINES HOLDINGS INC,1.26%,0
2017 Q1,UPS,UNITED PARCEL SERVICE-CL B,0.00%,0
2017 Q1,USB,US BANCORP,2.71%,0
2017 Q1,USG,USG CORP,0.77%,0
2017 Q1,V,VISA INC-CLASS A SHARES,0.58%,0
2017 Q1,VRSK,VERISK ANALYTICS INC,0.08%,0
2017 Q1,VRSN,VERISIGN INC,0.70%,0
2017 Q1,VZ,VERIZON COMMUNICATIONS INC,0.00%,0
2017 Q1,WBC,WABCO HOLDINGS INC,0.21%,-1
2017 Q1,WFC,WELLS FARGO & CO,16.49%,0
2017 Q1,WMT,WALMART INC,0.06%,0
2017 Q2,1856613D,MONSANTO CO,0.59%,0
2017 Q2,9999825D,LIBERTY GLOBAL PLC LILAC - A,0.04%,0
2017 Q2,9999826D,LIBERTY GLOBAL PLC LILAC - C,0.02%,0
2017 Q2,AAL,AMERICAN AIRLINES GROUP INC,1.46%,-1
2017 Q2,AAPL,APPLE INC,11.56%,1
2017 Q2,AXP,AMERICAN EXPRESS CO,7.88%,0
2017 Q2,AXTA,AXALTA COATING SYSTEMS LTD,0.46%,0
2017 Q2,BK,BANK OF NEW YORK MELLON CORP,1.58%,1
2017 Q2,CHTR,CHARTER COMMUNICATIONS INC-A,1.96%,0
2017 Q2,COST,COSTCO WHOLESALE CORP,0.43%,0
2017 Q2,DAL,DELTA AIR LINES INC,1.76%,-1
2017 Q2,DVA,DAVITA INC,1.54%,0
2017 Q2,GE,GENERAL ELECTRIC CO,0.00%,-1
2017 Q2,GHC,GRAHAM HOLDINGS CO-CLASS B,0.04%,0
2017 Q2,GM,GENERAL MOTORS CO,1.29%,1
2017 Q2,GS,GOLDMAN SACHS GROUP INC,1.50%,0
2017 Q2,IBM,INTL BUSINESS MACHINES CORP,5.13%,-1
2017 Q2,JNJ,JOHNSON & JOHNSON,0.03%,0
2017 Q2,KHC,KRAFT HEINZ CO/THE,17.20%,0
2017 Q2,KO,COCA-COLA CO/THE,11.06%,0
2017 Q2,LBTYA,LIBERTY GLOBAL PLC-A,0.40%,0
2017 Q2,LBTYK,LIBERTY GLOBAL PLC- C,0.14%,0
2017 Q2,LSXMA,LIBERTY MEDIA COR-SIRIUSXM A,0.38%,1
2017 Q2,LSXMK,LIBERTY MEDIA COR-SIRIUSXM C,0.80%,1
2017 Q2,LUV,SOUTHWEST AIRLINES CO,1.83%,0
2017 Q2,MA,MASTERCARD INC - A,0.37%,0
2017 Q2,MCO,MOODY'S CORP,1.85%,0
2017 Q2,MDLZ,MONDELEZ INTERNATIONAL INC-A,0.02%,0
2017 Q2,MTB,M & T BANK CORP,0.54%,0
2017 Q2,PG,PROCTER & GAMBLE CO/THE,0.02%,0
2017 Q2,PSX,PHILLIPS 66,4.12%,0
2017 Q2,QSR,RESTAURANT BRANDS INTERN,0.33%,0
2017 Q2,SIRI,SIRIUS XM HOLDINGS INC,0.47%,-1
2017 Q2,SNY,SANOFI-ADR,0.12%,0
2017 Q2,STOR,STORE CAPITAL CORP,0.26%,1
2017 Q2,SYF,SYNCHRONY FINANCIAL,0.32%,1
2017 Q2,TMJ,TORCHMARK CORP,0.30%,0
2017 Q2,UAL,UNITED AIRLINES HOLDINGS INC,1.31%,-1
2017 Q2,UPS,UNITED PARCEL SERVICE-CL B,0.00%,0
2017 Q2,USB,US BANCORP,2.72%,0
2017 Q2,USG,USG CORP,0.70%,0
2017 Q2,V,VISA INC-CLASS A SHARES,0.61%,0
2017 Q2,VRSK,VERISK ANALYTICS INC,0.08%,0
2017 Q2,VRSN,VERISIGN INC,0.74%,0
2017 Q2,VZ,VERIZON COMMUNICATIONS INC,0.00%,0
2017 Q2,WBC,WABCO HOLDINGS INC,0.01%,-1
2017 Q2,WFC,WELLS FARGO & CO,15.99%,-1
2017 Q2,WMT,WALMART INC,0.07%,0
2017 Q3,1856613D,MONSANTO CO,0.60%,1
2017 Q3,9999825D,LIBERTY GLOBAL PLC LILAC - A,0.04%,0
2017 Q3,9999826D,LIBERTY GLOBAL PLC LILAC - C,0.02%,0
2017 Q3,AAL,AMERICAN AIRLINES GROUP INC,1.26%,0
2017 Q3,AAPL,APPLE INC,11.63%,1
2017 Q3,AXP,AMERICAN EXPRESS CO,7.72%,0
2017 Q3,AXTA,AXALTA COATING SYSTEMS LTD,0.38%,0
2017 Q3,BAC,BANK OF AMERICA CORP,9.68%,1
2017 Q3,BK,BANK OF NEW YORK MELLON CORP,1.50%,0
2017 Q3,CHTR,CHARTER COMMUNICATIONS INC-A,1.74%,-1
2017 Q3,COST,COSTCO WHOLESALE CORP,0.40%,0
2017 Q3,DAL,DELTA AIR LINES INC,1.44%,0
2017 Q3,DVA,DAVITA INC,1.29%,0
2017 Q3,GHC,GRAHAM HOLDINGS CO-CLASS B,0.04%,0
2017 Q3,GM,GENERAL MOTORS CO,1.36%,0
2017 Q3,GS,GOLDMAN SACHS GROUP INC,1.46%,0
2017 Q3,IBM,INTL BUSINESS MACHINES CORP,3.02%,-1
2017 Q3,JNJ,JOHNSON & JOHNSON,0.02%,0
2017 Q3,KHC,KRAFT HEINZ CO/THE,14.21%,0
2017 Q3,KO,COCA-COLA CO/THE,10.13%,0
2017 Q3,LBTYA,LIBERTY GLOBAL PLC-A,0.39%,0
2017 Q3,LBTYK,LIBERTY GLOBAL PLC- C,0.14%,0
2017 Q3,LSXMA,LIBERTY MEDIA COR-SIRIUSXM A,0.35%,0
2017 Q3,LSXMK,LIBERTY MEDIA COR-SIRIUSXM C,0.73%,0
2017 Q3,LUV,SOUTHWEST AIRLINES CO,1.50%,0
2017 Q3,MA,MASTERCARD INC - A,0.39%,0
2017 Q3,MCO,MOODY'S CORP,1.93%,0
2017 Q3,MDLZ,MONDELEZ INTERNATIONAL INC-A,0.01%,0
2017 Q3,MTB,M & T BANK CORP,0.49%,0
2017 Q3,PG,PROCTER & GAMBLE CO/THE,0.02%,0
2017 Q3,PSX,PHILLIPS 66,4.16%,0
2017 Q3,QSR,RESTAURANT BRANDS INTERN,0.30%,0
2017 Q3,SIRI,SIRIUS XM HOLDINGS INC,0.43%,0
2017 Q3,SNY,SANOFI-ADR,0.11%,0
2017 Q3,STOR,STORE CAPITAL CORP,0.26%,0
2017 Q3,SYF,SYNCHRONY FINANCIAL,0.36%,1
2017 Q3,TMJ,TORCHMARK CORP,0.29%,0
2017 Q3,UAL,UNITED AIRLINES HOLDINGS INC,0.97%,0
2017 Q3,UPS,UNITED PARCEL SERVICE-CL B,0.00%,0
2017 Q3,USB,US BANCORP,2.57%,0
2017 Q3,USG,USG CORP,0.72%,0
2017 Q3,V,VISA INC-CLASS A SHARES,0.63%,0
2017 Q3,VRSK,VERISK ANALYTICS INC,0.07%,0
2017 Q3,VRSN,VERISIGN INC,0.78%,0
2017 Q3,VZ,VERIZON COMMUNICATIONS INC,0.00%,0
2017 Q3,WBC,WABCO HOLDINGS INC,0.00%,-1
2017 Q3,WFC,WELLS FARGO & CO,14.41%,-1
2017 Q3,WMT,WALMART INC,0.06%,0
2017 Q4,1856613D,MONSANTO CO,0.72%,1
2017 Q4,9999825D,LIBERTY GLOBAL PLC LILAC - A,0.03%,0
2017 Q4,9999826D,LIBERTY GLOBAL PLC LILAC - C,0.01%,0
2017 Q4,AAL,AMERICAN AIRLINES GROUP INC,1.25%,-1
2017 Q4,AAPL,APPLE INC,14.63%,1
2017 Q4,AXP,AMERICAN EXPRESS CO,7.87%,0
2017 Q4,AXTA,AXALTA COATING SYSTEMS LTD,0.39%,0
2017 Q4,BAC,BANK OF AMERICA CORP,10.48%,0
2017 Q4,BK,BANK OF NEW YORK MELLON CORP,1.71%,1
2017 Q4,CHTR,CHARTER COMMUNICATIONS INC-A,1.49%,0
2017 Q4,COST,COSTCO WHOLESALE CORP,0.42%,0
2017 Q4,DAL,DELTA AIR LINES INC,1.56%,0
2017 Q4,DVA,DAVITA INC,1.46%,0
2017 Q4,GHC,GRAHAM HOLDINGS CO-CLASS B,0.03%,0
2017 Q4,GM,GENERAL MOTORS CO,1.07%,-1
2017 Q4,GS,GOLDMAN SACHS GROUP INC,1.46%,0
2017 Q4,IBM,INTL BUSINESS MACHINES CORP,0.16%,-1
2017 Q4,JNJ,JOHNSON & JOHNSON,0.02%,0
2017 Q4,KHC,KRAFT HEINZ CO/THE,13.24%,0
2017 Q4,KO,COCA-COLA CO/THE,9.60%,0
2017 Q4,LBTYA,LIBERTY GLOBAL PLC-A,0.38%,0
2017 Q4,LBTYK,LIBERTY GLOBAL PLC- C,0.13%,0
2017 Q4,LSXMA,LIBERTY MEDIA COR-SIRIUSXM A,0.31%,0
2017 Q4,LSXMK,LIBERTY MEDIA COR-SIRIUSXM C,0.64%,0
2017 Q4,LUV,SOUTHWEST AIRLINES CO,1.63%,0
2017 Q4,MA,MASTERCARD INC - A,0.39%,0
2017 Q4,MCO,MOODY'S CORP,1.90%,0
2017 Q4,MDLZ,MONDELEZ INTERNATIONAL INC-A,0.01%,0
2017 Q4,MTB,M & T BANK CORP,0.48%,0
2017 Q4,PG,PROCTER & GAMBLE CO/THE,0.02%,0
2017 Q4,PSX,PHILLIPS 66,4.27%,0
2017 Q4,QSR,RESTAURANT BRANDS INTERN,0.27%,0
2017 Q4,SIRI,SIRIUS XM HOLDINGS INC,0.39%,0
2017 Q4,SNY,SANOFI-ADR,0.09%,-1
2017 Q4,STOR,STORE CAPITAL CORP,0.25%,0
2017 Q4,SYF,SYNCHRONY FINANCIAL,0.42%,0
2017 Q4,TEVA,TEVA PHARMACEUTICAL-SP ADR,0.19%,1
2017 Q4,TMJ,TORCHMARK CORP,0.30%,0
2017 Q4,UAL,UNITED AIRLINES HOLDINGS INC,0.99%,0
2017 Q4,UPS,UNITED PARCEL SERVICE-CL B,0.00%,0
2017 Q4,USB,US BANCORP,2.44%,1
2017 Q4,USG,USG CORP,0.79%,0
2017 Q4,V,VISA INC-CLASS A SHARES,0.63%,0
2017 Q4,VRSK,VERISK ANALYTICS INC,0.08%,0
2017 Q4,VRSN,VERISIGN INC,0.78%,0
2017 Q4,VZ,VERIZON COMMUNICATIONS INC,0.00%,0
2017 Q4,WFC,WELLS FARGO & CO,14.54%,-1
2017 Q4,WMT,WALMART INC,0.07%,0
2018 Q1,1856613D,MONSANTO CO,1.17%,1
2018 Q1,9999825D,LIBERTY GLOBAL PLC LILAC - A,0.00%,-1
2018 Q1,9999826D,LIBERTY GLOBAL PLC LILAC - C,0.00%,-1
2018 Q1,AAL,AMERICAN AIRLINES GROUP INC,1.27%,0
2018 Q1,AAPL,APPLE INC,21.27%,1
2018 Q1,AXP,AMERICAN EXPRESS CO,7.48%,0
2018 Q1,AXTA,AXALTA COATING SYSTEMS LTD,0.37%,0
2018 Q1,BAC,BANK OF AMERICA CORP,10.78%,0
2018 Q1,BK,BANK OF NEW YORK MELLON CORP,1.70%,1
2018 Q1,CHTR,CHARTER COMMUNICATIONS INC-A,1.35%,-1
2018 Q1,COST,COSTCO WHOLESALE CORP,0.43%,0
2018 Q1,DAL,DELTA AIR LINES INC,1.55%,1
2018 Q1,DVA,DAVITA INC,1.35%,0
2018 Q1,GHC,GRAHAM HOLDINGS CO-CLASS B,0.00%,-1
2018 Q1,GM,GENERAL MOTORS CO,0.96%,0
2018 Q1,GS,GOLDMAN SACHS GROUP INC,1.46%,0
2018 Q1,IBM,INTL BUSINESS MACHINES CORP,0.00%,-1
2018 Q1,JNJ,JOHNSON & JOHNSON,0.02%,0
2018 Q1,KHC,KRAFT HEINZ CO/THE,10.74%,0
2018 Q1,KO,COCA-COLA CO/THE,9.19%,0
2018 Q1,LBTYA,LIBERTY GLOBAL PLC-A,0.30%,-1
2018 Q1,LBTYK,LIBERTY GLOBAL PLC- C,0.12%,0
2018 Q1,LILA,LIBERTY LATIN AMERIC-CL A,0.03%,1
2018 Q1,LILAK,LIBERTY LATIN AMERIC-CL C,0.01%,1
2018 Q1,LSXMA,LIBERTY MEDIA COR-SIRIUSXM A,0.32%,0
2018 Q1,LSXMK,LIBERTY MEDIA COR-SIRIUSXM C,0.67%,0
2018 Q1,LUV,SOUTHWEST AIRLINES CO,1.44%,0
2018 Q1,MA,MASTERCARD INC - A,0.46%,0
2018 Q1,MCO,MOODY'S CORP,2.11%,0
2018 Q1,MDLZ,MONDELEZ INTERNATIONAL INC-A,0.01%,0
2018 Q1,MTB,M & T BANK CORP,0.53%,0
2018 Q1,PG,PROCTER & GAMBLE CO/THE,0.01%,0
2018 Q1,PSX,PHILLIPS 66,2.32%,-1
2018 Q1,QSR,RESTAURANT BRANDS INTERN,0.25%,0
2018 Q1,SIRI,SIRIUS XM HOLDINGS INC,0.46%,0
2018 Q1,SNY,SANOFI-ADR,0.08%,-1
2018 Q1,STOR,STORE CAPITAL CORP,0.24%,0
2018 Q1,SYF,SYNCHRONY FINANCIAL,0.37%,0
2018 Q1,TEVA,TEVA PHARMACEUTICAL-SP ADR,0.37%,1
2018 Q1,TMJ,TORCHMARK CORP,0.28%,0
2018 Q1,UAL,UNITED AIRLINES HOLDINGS INC,1.02%,-1
2018 Q1,UPS,UNITED PARCEL SERVICE-CL B,0.00%,0
2018 Q1,USB,US BANCORP,2.43%,1
2018 Q1,USG,USG CORP,0.83%,0
2018 Q1,V,VISA INC-CLASS A SHARES,0.67%,0
2018 Q1,VRSK,VERISK ANALYTICS INC,0.02%,-1
2018 Q1,VRSN,VERISIGN INC,0.81%,0
2018 Q1,VZ,VERIZON COMMUNICATIONS INC,0.00%,0
2018 Q1,WFC,WELLS FARGO & CO,12.66%,-1
2018 Q1,WMT,WALMART INC,0.07%,0
2018 Q2,1856613D,MONSANTO CO,0.00%,-1
2018 Q2,AAL,AMERICAN AIRLINES GROUP INC,0.87%,-1
2018 Q2,AAPL,APPLE INC,23.84%,1
2018 Q2,AXP,AMERICAN EXPRESS CO,7.60%,0
2018 Q2,AXTA,AXALTA COATING SYSTEMS LTD,0.38%,1
2018 Q2,BAC,BANK OF AMERICA CORP,9.79%,0
2018 Q2,BK,BANK OF NEW YORK MELLON CORP,1.79%,1
2018 Q2,CHTR,CHARTER COMMUNICATIONS INC-A,1.12%,-1
2018 Q2,COST,COSTCO WHOLESALE CORP,0.46%,0
2018 Q2,DAL,DELTA AIR LINES INC,1.61%,1
2018 Q2,DVA,DAVITA INC,1.37%,0
2018 Q2,GM,GENERAL MOTORS CO,1.04%,1
2018 Q2,GS,GOLDMAN SACHS GROUP INC,1.49%,1
2018 Q2,JNJ,JOHNSON & JOHNSON,0.02%,0
2018 Q2,KHC,KRAFT HEINZ CO/THE,10.46%,0
2018 Q2,KO,COCA-COLA CO/THE,8.97%,0
2018 Q2,LBTYA,LIBERTY GLOBAL PLC-A,0.28%,1
2018 Q2,LBTYK,LIBERTY GLOBAL PLC- C,0.10%,0
2018 Q2,LILA,LIBERTY LATIN AMERIC-CL A,0.03%,0
2018 Q2,LILAK,LIBERTY LATIN AMERIC-CL C,0.01%,0
2018 Q2,LSXMA,LIBERTY MEDIA COR-SIRIUSXM A,0.34%,0
2018 Q2,LSXMK,LIBERTY MEDIA COR-SIRIUSXM C,0.72%,0
2018 Q2,LUV,SOUTHWEST AIRLINES CO,1.47%,1
2018 Q2,MA,MASTERCARD INC - A,0.50%,0
2018 Q2,MCO,MOODY'S CORP,2.15%,0
2018 Q2,MDLZ,MONDELEZ INTERNATIONAL INC-A,0.01%,0
2018 Q2,MTB,M & T BANK CORP,0.47%,0
2018 Q2,PG,PROCTER & GAMBLE CO/THE,0.01%,0
2018 Q2,PSX,PHILLIPS 66,1.99%,-1
2018 Q2,QSR,RESTAURANT BRANDS INTERN,0.26%,0
2018 Q2,SIRI,SIRIUS XM HOLDINGS INC,0.48%,0
2018 Q2,SNY,SANOFI-ADR,0.08%,0
2018 Q2,STOR,STORE CAPITAL CORP,0.26%,0
2018 Q2,SYF,SYNCHRONY FINANCIAL,0.36%,0
2018 Q2,TEVA,TEVA PHARMACEUTICAL-SP ADR,0.54%,1
2018 Q2,TMJ,TORCHMARK CORP,0.26%,0
2018 Q2,UAL,UNITED AIRLINES HOLDINGS INC,0.95%,-1
2018 Q2,UPS,UNITED PARCEL SERVICE-CL B,0.00%,0
2018 Q2,USB,US BANCORP,2.57%,1
2018 Q2,USG,USG CORP,0.86%,0
2018 Q2,V,VISA INC-CLASS A SHARES,0.72%,0
2018 Q2,VRSK,VERISK ANALYTICS INC,0.00%,-1
2018 Q2,VRSN,VERISIGN INC,0.91%,0
2018 Q2,VZ,VERIZON COMMUNICATIONS INC,0.00%,0
2018 Q2,WFC,WELLS FARGO & CO,12.81%,-1
2018 Q2,WMT,WALMART INC,0.06%,0
2018 Q3,AAL,AMERICAN AIRLINES GROUP INC,0.82%,-1
2018 Q3,AAPL,APPLE INC,25.79%,1
2018 Q3,AXP,AMERICAN EXPRESS CO,7.30%,0
2018 Q3,AXTA,AXALTA COATING SYSTEMS LTD,0.32%,0
2018 Q3,BAC,BANK OF AMERICA CORP,11.69%,1
2018 Q3,BK,BANK OF NEW YORK MELLON CORP,1.80%,1
2018 Q3,CHTR,CHARTER COMMUNICATIONS INC-A,1.08%,-1
2018 Q3,COST,COSTCO WHOLESALE CORP,0.46%,0
2018 Q3,DAL,DELTA AIR LINES INC,1.71%,1
2018 Q3,DVA,DAVITA INC,1.25%,0
2018 Q3,GM,GENERAL MOTORS CO,0.80%,1
2018 Q3,GS,GOLDMAN SACHS GROUP INC,1.86%,1
2018 Q3,JNJ,JOHNSON & JOHNSON,0.02%,0
2018 Q3,JPM,JPMORGAN CHASE & CO,1.82%,1
2018 Q3,KHC,KRAFT HEINZ CO/THE,8.12%,0
2018 Q3,KO,COCA-COLA CO/THE,8.36%,0
2018 Q3,LBTYA,LIBERTY GLOBAL PLC-A,0.26%,0
2018 Q3,LBTYK,LIBERTY GLOBAL PLC- C,0.09%,0
2018 Q3,LILA,LIBERTY LATIN AMERIC-CL A,0.03%,0
2018 Q3,LILAK,LIBERTY LATIN AMERIC-CL C,0.01%,0
2018 Q3,LSXMA,LIBERTY MEDIA COR-SIRIUSXM A,0.29%,0
2018 Q3,LSXMK,LIBERTY MEDIA COR-SIRIUSXM C,0.61%,0
2018 Q3,LUV,SOUTHWEST AIRLINES CO,1.58%,-1
2018 Q3,MA,MASTERCARD INC - A,0.50%,0
2018 Q3,MCO,MOODY'S CORP,1.87%,0
2018 Q3,MDLZ,MONDELEZ INTERNATIONAL INC-A,0.01%,0
2018 Q3,MTB,M & T BANK CORP,0.40%,0
2018 Q3,ORCL,ORACLE CORP,0.97%,1
2018 Q3,PG,PROCTER & GAMBLE CO/THE,0.01%,0
2018 Q3,PNC,PNC FINANCIAL SERVICES GROUP,0.38%,1
2018 Q3,PSX,PHILLIPS 66,0.79%,-1
2018 Q3,QSR,RESTAURANT BRANDS INTERN,0.23%,0
2018 Q3,SIRI,SIRIUS XM HOLDINGS INC,0.39%,0
2018 Q3,SNY,SANOFI-ADR,0.00%,-1
2018 Q3,STOR,STORE CAPITAL CORP,0.23%,0
2018 Q3,SYF,SYNCHRONY FINANCIAL,0.29%,0
2018 Q3,TEVA,TEVA PHARMACEUTICAL-SP ADR,0.42%,0
2018 Q3,TMJ,TORCHMARK CORP,0.25%,0
2018 Q3,TRV,TRAVELERS COS INC/THE,0.21%,1
2018 Q3,UAL,UNITED AIRLINES HOLDINGS INC,1.05%,-1
2018 Q3,UPS,UNITED PARCEL SERVICE-CL B,0.00%,0
2018 Q3,USB,US BANCORP,2.98%,1
2018 Q3,USG,USG CORP,0.76%,0
2018 Q3,V,VISA INC-CLASS A SHARES,0.72%,0
2018 Q3,VRSN,VERISIGN INC,0.94%,0
2018 Q3,VZ,VERIZON COMMUNICATIONS INC,0.00%,0
2018 Q3,WFC,WELLS FARGO & CO,10.52%,-1
2018 Q3,WMT,WALMART INC,0.00%,-1
2018 Q4,AAL,AMERICAN AIRLINES GROUP INC,0.77%,0
2018 Q4,AAPL,APPLE INC,21.51%,-1
2018 Q4,AXP,AMERICAN EXPRESS CO,7.89%,0
2018 Q4,AXTA,AXALTA COATING SYSTEMS LTD,0.31%,0
2018 Q4,BAC,BANK OF AMERICA CORP,12.06%,1
2018 Q4,BK,BANK OF NEW YORK MELLON CORP,2.08%,1
2018 Q4,CHTR,CHARTER COMMUNICATIONS INC-A,1.09%,-1
2018 Q4,COST,COSTCO WHOLESALE CORP,0.48%,0
2018 Q4,DAL,DELTA AIR LINES INC,1.79%,0
2018 Q4,DVA,DAVITA INC,1.08%,0
2018 Q4,GM,GENERAL MOTORS CO,1.32%,1
2018 Q4,GS,GOLDMAN SACHS GROUP INC,1.67%,0
2018 Q4,JNJ,JOHNSON & JOHNSON,0.02%,0
2018 Q4,JPM,JPMORGAN CHASE & CO,2.67%,1
2018 Q4,KHC,KRAFT HEINZ CO/THE,7.66%,0
2018 Q4,KO,COCA-COLA CO/THE,10.35%,0
2018 Q4,LBTYA,LIBERTY GLOBAL PLC-A,0.23%,0
2018 Q4,LBTYK,LIBERTY GLOBAL PLC- C,0.08%,0
2018 Q4,LILA,LIBERTY LATIN AMERIC-CL A,0.02%,0
2018 Q4,LILAK,LIBERTY LATIN AMERIC-CL C,0.01%,0
2018 Q4,LSXMA,LIBERTY MEDIA COR-SIRIUSXM A,0.30%,0
2018 Q4,LSXMK,LIBERTY MEDIA COR-SIRIUSXM C,0.63%,0
2018 Q4,LUV,SOUTHWEST AIRLINES CO,1.39%,-1
2018 Q4,MA,MASTERCARD INC - A,0.51%,0
2018 Q4,MCO,MOODY'S CORP,1.89%,0
2018 Q4,MDLZ,MONDELEZ INTERNATIONAL INC-A,0.01%,0
2018 Q4,MTB,M & T BANK CORP,0.42%,0
2018 Q4,ORCL,ORACLE CORP,0.00%,-1
2018 Q4,PG,PROCTER & GAMBLE CO/THE,0.02%,0
2018 Q4,PNC,PNC FINANCIAL SERVICES GROUP,0.53%,1
2018 Q4,PSX,PHILLIPS 66,0.56%,-1
2018 Q4,QSR,RESTAURANT BRANDS INTERN,0.24%,0
2018 Q4,RHT,RED HAT INC,0.40%,1
2018 Q4,SIRI,SIRIUS XM HOLDINGS INC,0.43%,0
2018 Q4,STNE,STONECO LTD-A,0.14%,1
2018 Q4,STOR,STORE CAPITAL CORP,0.29%,0
2018 Q4,SU,SUNCOR ENERGY INC,0.16%,1
2018 Q4,SYF,SYNCHRONY FINANCIAL,0.27%,0
2018 Q4,TEVA,TEVA PHARMACEUTICAL-SP ADR,0.36%,0
2018 Q4,TMJ,TORCHMARK CORP,0.26%,0
2018 Q4,TRV,TRAVELERS COS INC/THE,0.39%,1
2018 Q4,UAL,UNITED AIRLINES HOLDINGS INC,1.00%,-1
2018 Q4,UPS,UNITED PARCEL SERVICE-CL B,0.00%,0
2018 Q4,USB,US BANCORP,3.23%,1
2018 Q4,USG,USG CORP,0.91%,0
2018 Q4,V,VISA INC-CLASS A SHARES,0.76%,0
2018 Q4,VRSN,VERISIGN INC,1.05%,0
2018 Q4,VZ,VERIZON COMMUNICATIONS INC,0.00%,0
2018 Q4,WFC,WELLS FARGO & CO,10.74%,-1
2019 Q1,AAL,AMERICAN AIRLINES GROUP INC,0.70%,0
2019 Q1,AAPL,APPLE INC,23.77%,0
2019 Q1,AMZN,AMAZONCOM INC,0.43%,1
2019 Q1,AXP,AMERICAN EXPRESS CO,8.31%,0
2019 Q1,AXTA,AXALTA COATING SYSTEMS LTD,0.31%,0
2019 Q1,BAC,BANK OF AMERICA CORP,12.39%,0
2019 Q1,BK,BANK OF NEW YORK MELLON CORP,2.05%,0
2019 Q1,CHTR,CHARTER COMMUNICATIONS INC-A,0.99%,-1
2019 Q1,COST,COSTCO WHOLESALE CORP,0.53%,0
2019 Q1,DAL,DELTA AIR LINES INC,1.84%,1
2019 Q1,DVA,DAVITA INC,1.05%,0
2019 Q1,GM,GENERAL MOTORS CO,1.34%,0
2019 Q1,GS,GOLDMAN SACHS GROUP INC,1.77%,0
2019 Q1,JNJ,JOHNSON & JOHNSON,0.02%,0
2019 Q1,JPM,JPMORGAN CHASE & CO,3.02%,1
2019 Q1,KHC,KRAFT HEINZ CO/THE,5.33%,0
2019 Q1,KO,COCA-COLA CO/THE,9.40%,0
2019 Q1,LBTYA,LIBERTY GLOBAL PLC-A,0.25%,0
2019 Q1,LBTYK,LIBERTY GLOBAL PLC- C,0.09%,0
2019 Q1,LILA,LIBERTY LATIN AMERIC-CL A,0.03%,0
2019 Q1,LILAK,LIBERTY LATIN AMERIC-CL C,0.01%,0
2019 Q1,LSXMA,LIBERTY MEDIA COR-SIRIUSXM A,0.28%,0
2019 Q1,LSXMK,LIBERTY MEDIA COR-SIRIUSXM C,0.60%,0
2019 Q1,LUV,SOUTHWEST AIRLINES CO,1.40%,-1
2019 Q1,MA,MASTERCARD INC - A,0.58%,0
2019 Q1,MCO,MOODY'S CORP,2.24%,0
2019 Q1,MDLZ,MONDELEZ INTERNATIONAL INC-A,0.01%,0
2019 Q1,MTB,M & T BANK CORP,0.42%,0
2019 Q1,PG,PROCTER & GAMBLE CO/THE,0.02%,0
2019 Q1,PNC,PNC FINANCIAL SERVICES GROUP,0.53%,1
2019 Q1,PSX,PHILLIPS 66,0.26%,-1
2019 Q1,QSR,RESTAURANT BRANDS INTERN,0.28%,0
2019 Q1,RHT,RED HAT INC,0.47%,1
2019 Q1,SIRI,SIRIUS XM HOLDINGS INC,0.39%,0
2019 Q1,STNE,STONECO LTD-A,0.29%,0
2019 Q1,STOR,STORE CAPITAL CORP,0.31%,0
2019 Q1,SU,SUNCOR ENERGY INC,0.17%,0
2019 Q1,SYF,SYNCHRONY FINANCIAL,0.33%,0
2019 Q1,TEVA,TEVA PHARMACEUTICAL-SP ADR,0.34%,0
2019 Q1,TMJ,TORCHMARK CORP,0.26%,0
2019 Q1,TRV,TRAVELERS COS INC/THE,0.41%,0
2019 Q1,UAL,UNITED AIRLINES HOLDINGS INC,0.88%,0
2019 Q1,UPS,UNITED PARCEL SERVICE-CL B,0.00%,0
2019 Q1,USB,US BANCORP,3.12%,0
2019 Q1,USG,USG CORP,0.85%,0
2019 Q1,V,VISA INC-CLASS A SHARES,0.83%,0
2019 Q1,VRSN,VERISIGN INC,1.18%,0
2019 Q1,VZ,VERIZON COMMUNICATIONS INC,0.00%,-1
2019 Q1,WFC,WELLS FARGO & CO,9.93%,-1
2019 Q2,AAL,AMERICAN AIRLINES GROUP INC,0.68%,0
2019 Q2,AAPL,APPLE INC,23.74%,0
2019 Q2,AMZN,AMAZONCOM INC,0.49%,1
2019 Q2,AXP,AMERICAN EXPRESS CO,8.99%,0
2019 Q2,AXTA,AXALTA COATING SYSTEMS LTD,0.35%,0
2019 Q2,BAC,BANK OF AMERICA CORP,12.92%,1
2019 Q2,BK,BANK OF NEW YORK MELLON CORP,1.72%,0
2019 Q2,CHTR,CHARTER COMMUNICATIONS INC-A,1.03%,-1
2019 Q2,COST,COSTCO WHOLESALE CORP,0.55%,0
2019 Q2,DAL,DELTA AIR LINES INC,1.93%,0
2019 Q2,DVA,DAVITA INC,1.04%,0
2019 Q2,GM,GENERAL MOTORS CO,1.34%,0
2019 Q2,GS,GOLDMAN SACHS GROUP INC,1.80%,0
2019 Q2,JNJ,JOHNSON & JOHNSON,0.02%,0
2019 Q2,JPM,JPMORGAN CHASE & CO,3.20%,0
2019 Q2,KHC,KRAFT HEINZ CO/THE,4.86%,0
2019 Q2,KO,COCA-COLA CO/THE,9.79%,0
2019 Q2,LBTYA,LIBERTY GLOBAL PLC-A,0.26%,0
2019 Q2,LBTYK,LIBERTY GLOBAL PLC- C,0.09%,0
2019 Q2,LILA,LIBERTY LATIN AMERIC-CL A,0.02%,0
2019 Q2,LILAK,LIBERTY LATIN AMERIC-CL C,0.01%,0
2019 Q2,LSXMA,LIBERTY MEDIA COR-SIRIUSXM A,0.27%,0
2019 Q2,LSXMK,LIBERTY MEDIA COR-SIRIUSXM C,0.57%,0
2019 Q2,LUV,SOUTHWEST AIRLINES CO,1.31%,0
2019 Q2,MA,MASTERCARD INC - A,0.63%,0
2019 Q2,MCO,MOODY'S CORP,2.32%,0
2019 Q2,MDLZ,MONDELEZ INTERNATIONAL INC-A,0.02%,0
2019 Q2,MTB,M & T BANK CORP,0.44%,0
2019 Q2,PG,PROCTER & GAMBLE CO/THE,0.02%,0
2019 Q2,PNC,PNC FINANCIAL SERVICES GROUP,0.57%,0
2019 Q2,PSX,PHILLIPS 66,0.25%,0
2019 Q2,QSR,RESTAURANT BRANDS INTERN,0.28%,0
2019 Q2,RHT,RED HAT INC,0.47%,1
2019 Q2,SIRI,SIRIUS XM HOLDINGS INC,0.37%,0
2019 Q2,STNE,STONECO LTD-A,0.20%,0
2019 Q2,STOR,STORE CAPITAL CORP,0.30%,0
2019 Q2,SU,SUNCOR ENERGY INC,0.16%,0
2019 Q2,SYF,SYNCHRONY FINANCIAL,0.35%,0
2019 Q2,TEVA,TEVA PHARMACEUTICAL-SP ADR,0.19%,0
2019 Q2,TMJ,TORCHMARK CORP,0.27%,0
2019 Q2,TRV,TRAVELERS COS INC/THE,0.43%,0
2019 Q2,UAL,UNITED AIRLINES HOLDINGS INC,0.92%,0
2019 Q2,UPS,UNITED PARCEL SERVICE-CL B,0.00%,0
2019 Q2,USB,US BANCORP,3.34%,1
2019 Q2,USG,USG CORP,0.00%,-1
2019 Q2,V,VISA INC-CLASS A SHARES,0.88%,0
2019 Q2,VRSN,VERISIGN INC,1.30%,0
2019 Q2,WFC,WELLS FARGO & CO,9.32%,0
2019 Q3,AAL,AMERICAN AIRLINES GROUP INC,0.55%,0
2019 Q3,AAPL,APPLE INC,25.96%,-1
2019 Q3,AMZN,AMAZONCOM INC,0.43%,0
2019 Q3,AXP,AMERICAN EXPRESS CO,8.35%,0
2019 Q3,AXTA,AXALTA COATING SYSTEMS LTD,0.34%,0
2019 Q3,BAC,BANK OF AMERICA CORP,12.60%,0
2019 Q3,BK,BANK OF NEW YORK MELLON CORP,1.70%,0
2019 Q3,CHTR,CHARTER COMMUNICATIONS INC-A,1.04%,0
2019 Q3,COST,COSTCO WHOLESALE CORP,0.58%,0
2019 Q3,DAL,DELTA AIR LINES INC,1.90%,0
2019 Q3,DVA,DAVITA INC,1.03%,0
2019 Q3,GL,GLOBE LIFE INC,0.28%,1
2019 Q3,GM,GENERAL MOTORS CO,1.26%,0
2019 Q3,GS,GOLDMAN SACHS GROUP INC,1.77%,0
2019 Q3,JNJ,JOHNSON & JOHNSON,0.02%,0
2019 Q3,JPM,JPMORGAN CHASE & CO,3.26%,0
2019 Q3,KHC,KRAFT HEINZ CO/THE,4.24%,0
2019 Q3,KO,COCA-COLA CO/THE,10.14%,0
2019 Q3,LBTYA,LIBERTY GLOBAL PLC-A,0.23%,0
2019 Q3,LBTYK,LIBERTY GLOBAL PLC- C,0.08%,0
2019 Q3,LILA,LIBERTY LATIN AMERIC-CL A,0.02%,0
2019 Q3,LILAK,LIBERTY LATIN AMERIC-CL C,0.01%,0
2019 Q3,LSXMA,LIBERTY MEDIA COR-SIRIUSXM A,0.29%,0
2019 Q3,LSXMK,LIBERTY MEDIA COR-SIRIUSXM C,0.61%,0
2019 Q3,LUV,SOUTHWEST AIRLINES CO,1.35%,0
2019 Q3,MA,MASTERCARD INC - A,0.62%,0
2019 Q3,MCO,MOODY'S CORP,2.35%,0
2019 Q3,MDLZ,MONDELEZ INTERNATIONAL INC-A,0.01%,0
2019 Q3,MTB,M & T BANK CORP,0.40%,0
2019 Q3,OXY,OCCIDENTAL PETROLEUM CORP,0.15%,1
2019 Q3,PG,PROCTER & GAMBLE CO/THE,0.02%,0
2019 Q3,PNC,PNC FINANCIAL SERVICES GROUP,0.57%,0
2019 Q3,PSX,PHILLIPS 66,0.25%,-1
2019 Q3,QSR,RESTAURANT BRANDS INTERN,0.28%,0
2019 Q3,RH,RH,0.10%,1
2019 Q3,RHT,RED HAT INC,0.00%,-1
2019 Q3,SIRI,SIRIUS XM HOLDINGS INC,0.40%,-1
2019 Q3,STNE,STONECO LTD-A,0.23%,0
2019 Q3,STOR,STORE CAPITAL CORP,0.32%,0
2019 Q3,SU,SUNCOR ENERGY INC,0.16%,0
2019 Q3,SYF,SYNCHRONY FINANCIAL,0.33%,0
2019 Q3,TEVA,TEVA PHARMACEUTICAL-SP ADR,0.14%,0
2019 Q3,TMJ,TORCHMARK CORP,0.00%,-1
2019 Q3,TRV,TRAVELERS COS INC/THE,0.41%,0
2019 Q3,UAL,UNITED AIRLINES HOLDINGS INC,0.90%,0
2019 Q3,UPS,UNITED PARCEL SERVICE-CL B,0.00%,0
2019 Q3,USB,US BANCORP,3.41%,0
2019 Q3,V,VISA INC-CLASS A SHARES,0.85%,0
2019 Q3,VRSN,VERISIGN INC,1.14%,0
2019 Q3,WFC,WELLS FARGO & CO,8.89%,-1
2019 Q4,AAL,AMERICAN AIRLINES GROUP INC,0.50%,-1
2019 Q4,AAPL,APPLE INC,29.74%,-1
2019 Q4,AMZN,AMAZONCOM INC,0.41%,0
2019 Q4,AXP,AMERICAN EXPRESS CO,7.80%,0
2019 Q4,AXTA,AXALTA COATING SYSTEMS LTD,0.30%,0
2019 Q4,BAC,BANK OF AMERICA CORP,13.46%,-1
2019 Q4,BIIB,BIOGEN INC,0.08%,1
2019 Q4,BK,BANK OF NEW YORK MELLON CORP,1.66%,-1
2019 Q4,CHTR,CHARTER COMMUNICATIONS INC-A,1.09%,0
2019 Q4,COST,COSTCO WHOLESALE CORP,0.53%,0
2019 Q4,DAL,DELTA AIR LINES INC,1.71%,0
2019 Q4,DVA,DAVITA INC,1.20%,0
2019 Q4,GL,GLOBE LIFE INC,0.28%,0
2019 Q4,GM,GENERAL MOTORS CO,1.13%,1
2019 Q4,GS,GOLDMAN SACHS GROUP INC,1.14%,-1
2019 Q4,JNJ,JOHNSON & JOHNSON,0.02%,0
2019 Q4,JPM,JPMORGAN CHASE & CO,3.43%,0
2019 Q4,KHC,KRAFT HEINZ CO/THE,4.32%,0
2019 Q4,KO,COCA-COLA CO/THE,9.15%,0
2019 Q4,KR,KROGER CO,0.23%,1
2019 Q4,LBTYA,LIBERTY GLOBAL PLC-A,0.19%,0
2019 Q4,LBTYK,LIBERTY GLOBAL PLC- C,0.07%,0
2019 Q4,LILA,LIBERTY LATIN AMERIC-CL A,0.02%,0
2019 Q4,LILAK,LIBERTY LATIN AMERIC-CL C,0.01%,0
2019 Q4,LSXMA,LIBERTY MEDIA COR-SIRIUSXM A,0.30%,0
2019 Q4,LSXMK,LIBERTY MEDIA COR-SIRIUSXM C,0.62%,0
2019 Q4,LUV,SOUTHWEST AIRLINES CO,1.20%,0
2019 Q4,MA,MASTERCARD INC - A,0.61%,0
2019 Q4,MCO,MOODY'S CORP,2.42%,0
2019 Q4,MDLZ,MONDELEZ INTERNATIONAL INC-A,0.01%,0
2019 Q4,MTB,M & T BANK CORP,0.38%,0
2019 Q4,OXY,OCCIDENTAL PETROLEUM CORP,0.32%,1
2019 Q4,PG,PROCTER & GAMBLE CO/THE,0.02%,0
2019 Q4,PNC,PNC FINANCIAL SERVICES GROUP,0.57%,0
2019 Q4,PSX,PHILLIPS 66,0.01%,-1
2019 Q4,QSR,RESTAURANT BRANDS INTERN,0.22%,0
2019 Q4,RH,RH,0.15%,1
2019 Q4,SIRI,SIRIUS XM HOLDINGS INC,0.40%,0
2019 Q4,SPY,SPDR S&P 500 ETF TRUST,0.01%,1
2019 Q4,STNE,STONECO LTD-A,0.23%,0
2019 Q4,STOR,STORE CAPITAL CORP,0.29%,0
2019 Q4,SU,SUNCOR ENERGY INC,0.20%,1
2019 Q4,SYF,SYNCHRONY FINANCIAL,0.31%,0
2019 Q4,TEVA,TEVA PHARMACEUTICAL-SP ADR,0.18%,0
2019 Q4,TRV,TRAVELERS COS INC/THE,0.02%,-1
2019 Q4,UAL,UNITED AIRLINES HOLDINGS INC,0.80%,0
2019 Q4,UPS,UNITED PARCEL SERVICE-CL B,0.00%,0
2019 Q4,USB,US BANCORP,3.24%,0
2019 Q4,V,VISA INC-CLASS A SHARES,0.82%,0
2019 Q4,VOO,VANGUARD S&P 500 ETF,0.01%,1
2019 Q4,VRSN,VERISIGN INC,1.03%,0
2019 Q4,WFC,WELLS FARGO & CO,7.18%,-1
2020 Q1,AAL,AMERICAN AIRLINES GROUP INC,0.29%,-1
2020 Q1,AAPL,APPLE INC,35.52%,0
2020 Q1,AMZN,AMAZONCOM INC,0.59%,-1
2020 Q1,AXP,AMERICAN EXPRESS CO,7.39%,0
2020 Q1,AXTA,AXALTA COATING SYSTEMS LTD,0.24%,-1
2020 Q1,BAC,BANK OF AMERICA CORP,11.19%,0
2020 Q1,BIIB,BIOGEN INC,0.12%,-1
2020 Q1,BK,BANK OF NEW YORK MELLON CORP,1.53%,0
2020 Q1,CHTR,CHARTER COMMUNICATIONS INC-A,1.35%,0
2020 Q1,COST,COSTCO WHOLESALE CORP,0.70%,0
2020 Q1,DAL,DELTA AIR LINES INC,1.17%,1
2020 Q1,DVA,DAVITA INC,1.65%,-1
2020 Q1,GL,GLOBE LIFE INC,0.26%,0
2020 Q1,GM,GENERAL MOTORS CO,0.88%,-1
2020 Q1,GS,GOLDMAN SACHS GROUP INC,0.17%,-1
2020 Q1,JNJ,JOHNSON & JOHNSON,0.02%,0
2020 Q1,JPM,JPMORGAN CHASE & CO,2.96%,-1
2020 Q1,KHC,KRAFT HEINZ CO/THE,4.59%,0
2020 Q1,KO,COCA-COLA CO/THE,10.08%,0
2020 Q1,KR,KROGER CO,0.33%,0
2020 Q1,LBTYA,LIBERTY GLOBAL PLC-A,0.18%,-1
2020 Q1,LBTYK,LIBERTY GLOBAL PLC- C,0.07%,0
2020 Q1,LILA,LIBERTY LATIN AMERIC-CL A,0.02%,-1
2020 Q1,LILAK,LIBERTY LATIN AMERIC-CL C,0.01%,0
2020 Q1,LSXMA,LIBERTY MEDIA COR-SIRIUSXM A,0.27%,0
2020 Q1,LSXMK,LIBERTY MEDIA COR-SIRIUSXM C,0.56%,-1
2020 Q1,LUV,SOUTHWEST AIRLINES CO,1.09%,-1
2020 Q1,MA,MASTERCARD INC - A,0.68%,0
2020 Q1,MCO,MOODY'S CORP,2.97%,0
2020 Q1,MDLZ,MONDELEZ INTERNATIONAL INC-A,0.02%,0
2020 Q1,MTB,M & T BANK CORP,0.32%,0
2020 Q1,OXY,OCCIDENTAL PETROLEUM CORP,0.12%,0
2020 Q1,PG,PROCTER & GAMBLE CO/THE,0.02%,0
2020 Q1,PNC,PNC FINANCIAL SERVICES GROUP,0.50%,1
2020 Q1,PSX,PHILLIPS 66,0.00%,-1
2020 Q1,QSR,RESTAURANT BRANDS INTERN,0.19%,0
2020 Q1,RH,RH,0.10%,0
2020 Q1,SIRI,SIRIUS XM HOLDINGS INC,0.37%,-1
2020 Q1,SPY,SPDR S&P 500 ETF TRUST,0.01%,0
2020 Q1,STNE,STONECO LTD-A,0.18%,0
2020 Q1,STOR,STORE CAPITAL CORP,0.19%,0
2020 Q1,SU,SUNCOR ENERGY INC,0.13%,-1
2020 Q1,SYF,SYNCHRONY FINANCIAL,0.18%,-1
2020 Q1,TEVA,TEVA PHARMACEUTICAL-SP ADR,0.22%,-1
2020 Q1,TRV,TRAVELERS COS INC/THE,0.00%,-1
2020 Q1,UAL,UNITED AIRLINES HOLDINGS INC,0.40%,1
2020 Q1,UPS,UNITED PARCEL SERVICE-CL B,0.00%,0
2020 Q1,USB,US BANCORP,2.60%,0
2020 Q1,V,VISA INC-CLASS A SHARES,0.97%,0
2020 Q1,VOO,VANGUARD S&P 500 ETF,0.01%,0
2020 Q1,VRSN,VERISIGN INC,1.31%,-1
2020 Q1,WFC,WELLS FARGO & CO,5.28%,0
2020 Q2,AAL,AMERICAN AIRLINES GROUP INC,0.00%,-1
2020 Q2,AAPL,APPLE INC,44.18%,0
2020 Q2,AMZN,AMAZONCOM INC,0.73%,0
2020 Q2,AXP,AMERICAN EXPRESS CO,7.13%,0
2020 Q2,AXTA,AXALTA COATING SYSTEMS LTD,0.27%,0
2020 Q2,BAC,BANK OF AMERICA CORP,10.85%,0
2020 Q2,BIIB,BIOGEN INC,0.09%,0
2020 Q2,BK,BANK OF NEW YORK MELLON CORP,1.38%,-1
2020 Q2,CHTR,CHARTER COMMUNICATIONS INC-A,1.31%,-1
2020 Q2,COST,COSTCO WHOLESALE CORP,0.65%,0
2020 Q2,DAL,DELTA AIR LINES INC,0.00%,-1
2020 Q2,DVA,DAVITA INC,1.49%,0
2020 Q2,GL,GLOBE LIFE INC,0.23%,0
2020 Q2,GM,GENERAL MOTORS CO,0.93%,0
2020 Q2,GOLD,BARRICK GOLD CORP,0.28%,1
2020 Q2,GS,GOLDMAN SACHS GROUP INC,0.00%,-1
2020 Q2,JNJ,JOHNSON & JOHNSON,0.02%,0
2020 Q2,JPM,JPMORGAN CHASE & CO,1.03%,-1
2020 Q2,KHC,KRAFT HEINZ CO/THE,5.13%,0
2020 Q2,KO,COCA-COLA CO/THE,8.83%,0
2020 Q2,KR,KROGER CO,0.37%,1
2020 Q2,LBTYA,LIBERTY GLOBAL PLC-A,0.21%,0
2020 Q2,LBTYK,LIBERTY GLOBAL PLC- C,0.08%,0
2020 Q2,LILA,LIBERTY LATIN AMERIC-CL A,0.01%,0
2020 Q2,LILAK,LIBERTY LATIN AMERIC-CL C,0.01%,0
2020 Q2,LSXMA,LIBERTY MEDIA COR-SIRIUSXM A,0.25%,0
2020 Q2,LSXMK,LIBERTY MEDIA COR-SIRIUSXM C,0.74%,1
2020 Q2,LUV,SOUTHWEST AIRLINES CO,0.00%,-1
2020 Q2,MA,MASTERCARD INC - A,0.67%,-1
2020 Q2,MCO,MOODY'S CORP,3.35%,0
2020 Q2,MDLZ,MONDELEZ INTERNATIONAL INC-A,0.01%,0
2020 Q2,MTB,M & T BANK CORP,0.23%,-1
2020 Q2,OXY,OCCIDENTAL PETROLEUM CORP,0.00%,-1
2020 Q2,PG,PROCTER & GAMBLE CO/THE,0.02%,0
2020 Q2,PNC,PNC FINANCIAL SERVICES GROUP,0.28%,-1
2020 Q2,QSR,RESTAURANT BRANDS INTERN,0.00%,-1
2020 Q2,RH,RH,0.21%,0
2020 Q2,SIRI,SIRIUS XM HOLDINGS INC,0.15%,-1
2020 Q2,SPY,SPDR S&P 500 ETF TRUST,0.01%,0
2020 Q2,STNE,STONECO LTD-A,0.27%,0
2020 Q2,STOR,STORE CAPITAL CORP,0.29%,1
2020 Q2,SU,SUNCOR ENERGY INC,0.16%,1
2020 Q2,SYF,SYNCHRONY FINANCIAL,0.22%,0
2020 Q2,TEVA,TEVA PHARMACEUTICAL-SP ADR,0.26%,0
2020 Q2,UAL,UNITED AIRLINES HOLDINGS INC,0.00%,-1
2020 Q2,UPS,UNITED PARCEL SERVICE-CL B,0.00%,0
2020 Q2,USB,US BANCORP,2.40%,-1
2020 Q2,V,VISA INC-CLASS A SHARES,0.95%,-1
2020 Q2,VOO,VANGUARD S&P 500 ETF,0.01%,0
2020 Q2,VRSN,VERISIGN INC,1.31%,0
2020 Q2,WFC,WELLS FARGO & CO,3.00%,-1
2020 Q3,AAPL,APPLE INC,46.35%,-1
2020 Q3,ABBV,ABBVIE INC,0.79%,1
2020 Q3,AMZN,AMAZONCOM INC,0.71%,0
2020 Q3,AXP,AMERICAN EXPRESS CO,6.44%,0
2020 Q3,AXTA,AXALTA COATING SYSTEMS LTD,0.22%,-1
2020 Q3,BAC,BANK OF AMERICA CORP,10.31%,1
2020 Q3,BIIB,BIOGEN INC,0.08%,0
2020 Q3,BK,BANK OF NEW YORK MELLON CORP,1.05%,0
2020 Q3,BMY,BRISTOL-MYERS SQUIBB CO,0.77%,1
2020 Q3,CHTR,CHARTER COMMUNICATIONS INC-A,1.38%,0
2020 Q3,COST,COSTCO WHOLESALE CORP,0.00%,-1
2020 Q3,CVX,CHEVRON CORP,1.35%,1
2020 Q3,DVA,DAVITA INC,1.31%,-1
2020 Q3,GL,GLOBE LIFE INC,0.22%,0
2020 Q3,GM,GENERAL MOTORS CO,1.00%,1
2020 Q3,GOLD,BARRICK GOLD CORP,0.14%,-1
2020 Q3,JNJ,JOHNSON & JOHNSON,0.02%,0
2020 Q3,JPM,JPMORGAN CHASE & CO,0.04%,-1
2020 Q3,KHC,KRAFT HEINZ CO/THE,4.13%,0
2020 Q3,KO,COCA-COLA CO/THE,8.37%,0
2020 Q3,KR,KROGER CO,0.36%,1
2020 Q3,LBTYA,LIBERTY GLOBAL PLC-A,0.16%,-1
2020 Q3,LBTYK,LIBERTY GLOBAL PLC- C,0.06%,0
2020 Q3,LILA,LIBERTY LATIN AMERIC-CL A,0.01%,0
2020 Q3,LILAK,LIBERTY LATIN AMERIC-CL C,0.00%,1
2020 Q3,LSXMA,LIBERTY MEDIA COR-SIRIUSXM A,0.21%,0
2020 Q3,LSXMK,LIBERTY MEDIA COR-SIRIUSXM C,0.61%,0
2020 Q3,MA,MASTERCARD INC - A,0.65%,0
2020 Q3,MCO,MOODY'S CORP,3.03%,0
2020 Q3,MDLZ,MONDELEZ INTERNATIONAL INC-A,0.01%,0
2020 Q3,MMC,MARSH & MCLENNAN COS,0.16%,1
2020 Q3,MRK,MERCK & CO INC,0.79%,1
2020 Q3,MTB,M & T BANK CORP,0.11%,-1
2020 Q3,PFE,PFIZER INC,0.06%,1
2020 Q3,PG,PROCTER & GAMBLE CO/THE,0.02%,0
2020 Q3,PNC,PNC FINANCIAL SERVICES GROUP,0.09%,-1
2020 Q3,RH,RH,0.28%,0
2020 Q3,SIRI,SIRIUS XM HOLDINGS INC,0.11%,0
2020 Q3,SNOW,SNOWFLAKE INC-CLASS A,0.65%,1
2020 Q3,SPY,SPDR S&P 500 ETF TRUST,0.01%,0
2020 Q3,STNE,STONECO LTD-A,0.32%,0
2020 Q3,STOR,STORE CAPITAL CORP,0.28%,0
2020 Q3,SU,SUNCOR ENERGY INC,0.10%,0
2020 Q3,SYF,SYNCHRONY FINANCIAL,0.22%,0
2020 Q3,TEVA,TEVA PHARMACEUTICAL-SP ADR,0.16%,0
2020 Q3,TMUS,T-MOBILE US INC,0.12%,1
2020 Q3,UPS,UNITED PARCEL SERVICE-CL B,0.00%,0
2020 Q3,USB,US BANCORP,2.01%,0
2020 Q3,V,VISA INC-CLASS A SHARES,0.85%,0
2020 Q3,VOO,VANGUARD S&P 500 ETF,0.01%,0
2020 Q3,VRSN,VERISIGN INC,1.11%,0
2020 Q3,VZ,VERIZON COMMUNICATIONS INC,1.47%,1
2020 Q3,WFC,WELLS FARGO & CO,1.27%,-1
2020 Q4,AAPL,APPLE INC,43.61%,-1
2020 Q4,ABBV,ABBVIE INC,1.01%,1
2020 Q4,AMZN,AMAZONCOM INC,0.64%,0
2020 Q4,AXP,AMERICAN EXPRESS CO,6.79%,0
2020 Q4,AXTA,AXALTA COATING SYSTEMS LTD,0.25%,0
2020 Q4,BAC,BANK OF AMERICA CORP,11.34%,0
2020 Q4,BIIB,BIOGEN INC,0.06%,0
2020 Q4,BK,BANK OF NEW YORK MELLON CORP,1.14%,0
2020 Q4,BMY,BRISTOL-MYERS SQUIBB CO,0.77%,1
2020 Q4,CHTR,CHARTER COMMUNICATIONS INC-A,1.28%,0
2020 Q4,CVX,CHEVRON CORP,1.52%,1
2020 Q4,DVA,DAVITA INC,1.57%,0
2020 Q4,GL,GLOBE LIFE INC,0.22%,0
2020 Q4,GM,GENERAL MOTORS CO,1.12%,-1
2020 Q4,GOLD,BARRICK GOLD CORP,0.00%,-1
2020 Q4,JNJ,JOHNSON & JOHNSON,0.02%,0
2020 Q4,JPM,JPMORGAN CHASE & CO,0.00%,-1
2020 Q4,KHC,KRAFT HEINZ CO/THE,4.18%,0
2020 Q4,KO,COCA-COLA CO/THE,8.13%,0
2020 Q4,KR,KROGER CO,0.39%,1
2020 Q4,LBTYA,LIBERTY GLOBAL PLC-A,0.16%,0
2020 Q4,LBTYK,LIBERTY GLOBAL PLC- C,0.06%,0
2020 Q4,LILA,LIBERTY LATIN AMERIC-CL A,0.01%,0
2020 Q4,LILAK,LIBERTY LATIN AMERIC-CL C,0.01%,-1
2020 Q4,LSXMA,LIBERTY MEDIA COR-SIRIUSXM A,0.24%,0
2020 Q4,LSXMK,LIBERTY MEDIA COR-SIRIUSXM C,0.70%,0
2020 Q4,MA,MASTERCARD INC - A,0.60%,0
2020 Q4,MCO,MOODY'S CORP,2.65%,0
2020 Q4,MDLZ,MONDELEZ INTERNATIONAL INC-A,0.01%,0
2020 Q4,MMC,MARSH & MCLENNAN COS,0.19%,1
2020 Q4,MRK,MERCK & CO INC,0.87%,1
2020 Q4,MTB,M & T BANK CORP,0.00%,-1
2020 Q4,PFE,PFIZER INC,0.00%,-1
2020 Q4,PG,PROCTER & GAMBLE CO/THE,0.02%,0
2020 Q4,PNC,PNC FINANCIAL SERVICES GROUP,0.00%,-1
2020 Q4,RH,RH,0.29%,1
2020 Q4,SIRI,SIRIUS XM HOLDINGS INC,0.12%,0
2020 Q4,SNOW,SNOWFLAKE INC-CLASS A,0.64%,0
2020 Q4,SPY,SPDR S&P 500 ETF TRUST,0.01%,0
2020 Q4,STNE,STONECO LTD-A,0.44%,0
2020 Q4,STOR,STORE CAPITAL CORP,0.31%,0
2020 Q4,SU,SUNCOR ENERGY INC,0.09%,-1
2020 Q4,SYF,SYNCHRONY FINANCIAL,0.26%,0
2020 Q4,TEVA,TEVA PHARMACEUTICAL-SP ADR,0.15%,0
2020 Q4,TMUS,T-MOBILE US INC,0.26%,1
2020 Q4,UPS,UNITED PARCEL SERVICE-CL B,0.00%,0
2020 Q4,USB,US BANCORP,2.26%,-1
2020 Q4,V,VISA INC-CLASS A SHARES,0.81%,0
2020 Q4,VOO,VANGUARD S&P 500 ETF,0.01%,0
2020 Q4,VRSN,VERISIGN INC,1.03%,0
2020 Q4,VZ,VERIZON COMMUNICATIONS INC,3.19%,1
2020 Q4,WFC,WELLS FARGO & CO,0.59%,-1
2021 Q1,AAPL,APPLE INC,40.07%,0
2021 Q1,ABBV,ABBVIE INC,0.92%,-1
2021 Q1,AMZN,AMAZONCOM INC,0.61%,0
2021 Q1,AON,AON PLC-CLASS A,0.35%,1
2021 Q1,AXP,AMERICAN EXPRESS CO,7.93%,0
2021 Q1,AXTA,AXALTA COATING SYSTEMS LTD,0.15%,-1
2021 Q1,BAC,BANK OF AMERICA CORP,14.45%,0
2021 Q1,BIIB,BIOGEN INC,0.07%,0
2021 Q1,BK,BANK OF NEW YORK MELLON CORP,1.27%,0
2021 Q1,BMY,BRISTOL-MYERS SQUIBB CO,0.72%,-1
2021 Q1,CHTR,CHARTER COMMUNICATIONS INC-A,1.19%,0
2021 Q1,CVX,CHEVRON CORP,0.92%,-1
2021 Q1,DVA,DAVITA INC,1.44%,0
2021 Q1,GL,GLOBE LIFE INC,0.23%,0
2021 Q1,GM,GENERAL MOTORS CO,1.42%,-1
2021 Q1,JNJ,JOHNSON & JOHNSON,0.02%,0
2021 Q1,KHC,KRAFT HEINZ CO/THE,4.82%,0
2021 Q1,KO,COCA-COLA CO/THE,7.80%,0
2021 Q1,KR,KROGER CO,0.68%,1
2021 Q1,LBTYA,LIBERTY GLOBAL PLC-A,0.03%,-1
2021 Q1,LBTYK,LIBERTY GLOBAL PLC- C,0.07%,0
2021 Q1,LILA,LIBERTY LATIN AMERIC-CL A,0.01%,0
2021 Q1,LILAK,LIBERTY LATIN AMERIC-CL C,0.01%,0
2021 Q1,LSXMA,LIBERTY MEDIA COR-SIRIUSXM A,0.24%,0
2021 Q1,LSXMK,LIBERTY MEDIA COR-SIRIUSXM C,0.70%,0
2021 Q1,MA,MASTERCARD INC - A,0.60%,0
2021 Q1,MCO,MOODY'S CORP,2.72%,0
2021 Q1,MDLZ,MONDELEZ INTERNATIONAL INC-A,0.01%,0
2021 Q1,MMC,MARSH & MCLENNAN COS,0.24%,1
2021 Q1,MRK,MERCK & CO INC,0.51%,-1
2021 Q1,PG,PROCTER & GAMBLE CO/THE,0.02%,0
2021 Q1,RH,RH,0.39%,1
2021 Q1,SIRI,SIRIUS XM HOLDINGS INC,0.10%,-1
2021 Q1,SNOW,SNOWFLAKE INC-CLASS A,0.52%,0
2021 Q1,SPY,SPDR S&P 500 ETF TRUST,0.01%,0
2021 Q1,STNE,STONECO LTD-A,0.24%,-1
2021 Q1,STOR,STORE CAPITAL CORP,0.30%,0
2021 Q1,SU,SUNCOR ENERGY INC,0.00%,-1
2021 Q1,SYF,SYNCHRONY FINANCIAL,0.00%,-1
2021 Q1,TEVA,TEVA PHARMACEUTICAL-SP ADR,0.18%,0
2021 Q1,TMUS,T-MOBILE US INC,0.24%,0
2021 Q1,UPS,UNITED PARCEL SERVICE-CL B,0.00%,0
2021 Q1,USB,US BANCORP,2.65%,-1
2021 Q1,V,VISA INC-CLASS A SHARES,0.78%,0
2021 Q1,VOO,VANGUARD S&P 500 ETF,0.01%,0
2021 Q1,VRSN,VERISIGN INC,0.94%,0
2021 Q1,VZ,VERIZON COMMUNICATIONS INC,3.42%,1
2021 Q1,WFC,WELLS FARGO & CO,0.01%,-1
2021 Q2,AAPL,APPLE INC,41.47%,0
2021 Q2,ABBV,ABBVIE INC,0.79%,-1
2021 Q2,AMZN,AMAZONCOM INC,0.63%,0
2021 Q2,AON,AON PLC-CLASS A,0.36%,1
2021 Q2,AXP,AMERICAN EXPRESS CO,8.55%,0
2021 Q2,AXTA,AXALTA COATING SYSTEMS LTD,0.00%,-1
2021 Q2,BAC,BANK OF AMERICA CORP,14.21%,0
2021 Q2,BIIB,BIOGEN INC,0.00%,-1
2021 Q2,BK,BANK OF NEW YORK MELLON CORP,1.27%,0
2021 Q2,BMY,BRISTOL-MYERS SQUIBB CO,0.60%,-1
2021 Q2,CHTR,CHARTER COMMUNICATIONS INC-A,1.28%,0
2021 Q2,CVX,CHEVRON CORP,0.83%,-1
2021 Q2,DVA,DAVITA INC,1.48%,0
2021 Q2,GL,GLOBE LIFE INC,0.21%,0
2021 Q2,GM,GENERAL MOTORS CO,1.21%,-1
2021 Q2,JNJ,JOHNSON & JOHNSON,0.02%,0
2021 Q2,KHC,KRAFT HEINZ CO/THE,4.53%,0
2021 Q2,KO,COCA-COLA CO/THE,7.39%,0
2021 Q2,KR,KROGER CO,0.81%,1
2021 Q2,LBTYA,LIBERTY GLOBAL PLC-A,0.00%,-1
2021 Q2,LBTYK,LIBERTY GLOBAL PLC- C,0.02%,-1
2021 Q2,LILA,LIBERTY LATIN AMERIC-CL A,0.01%,0
2021 Q2,LILAK,LIBERTY LATIN AMERIC-CL C,0.01%,0
2021 Q2,LSXMA,LIBERTY MEDIA COR-SIRIUSXM A,0.24%,0
2021 Q2,LSXMK,LIBERTY MEDIA COR-SIRIUSXM C,0.68%,0
2021 Q2,MA,MASTERCARD INC - A,0.57%,0
2021 Q2,MCO,MOODY'S CORP,3.05%,0
2021 Q2,MDLZ,MONDELEZ INTERNATIONAL INC-A,0.01%,0
2021 Q2,MMC,MARSH & MCLENNAN COS,0.20%,-1
2021 Q2,MRK,MERCK & CO INC,0.24%,-1
2021 Q2,OGN,ORGANON & CO,0.02%,1
2021 Q2,PG,PROCTER & GAMBLE CO/THE,0.01%,0
2021 Q2,RH,RH,0.42%,1
2021 Q2,SIRI,SIRIUS XM HOLDINGS INC,0.10%,0
2021 Q2,SNOW,SNOWFLAKE INC-CLASS A,0.51%,0
2021 Q2,SPY,SPDR S&P 500 ETF TRUST,0.01%,0
2021 Q2,STNE,STONECO LTD-A,0.24%,0
2021 Q2,STOR,STORE CAPITAL CORP,0.29%,0
2021 Q2,TEVA,TEVA PHARMACEUTICAL-SP ADR,0.14%,0
2021 Q2,TMUS,T-MOBILE US INC,0.26%,0
2021 Q2,UPS,UNITED PARCEL SERVICE-CL B,0.00%,0
2021 Q2,USB,US BANCORP,2.51%,-1
2021 Q2,V,VISA INC-CLASS A SHARES,0.80%,0
2021 Q2,VOO,VANGUARD S&P 500 ETF,0.01%,0
2021 Q2,VRSN,VERISIGN INC,1.00%,0
2021 Q2,VZ,VERIZON COMMUNICATIONS INC,3.04%,0
2021 Q2,WFC,WELLS FARGO & CO,0.01%,0
2021 Q3,AAPL,APPLE INC,42.78%,0
2021 Q3,ABBV,ABBVIE INC,0.53%,-1
2021 Q3,AMZN,AMAZONCOM INC,0.60%,0
2021 Q3,AON,AON PLC-CLASS A,0.43%,0
2021 Q3,AXP,AMERICAN EXPRESS CO,8.66%,0
2021 Q3,BAC,BANK OF AMERICA CORP,14.61%,0
2021 Q3,BK,BANK OF NEW YORK MELLON CORP,1.28%,0
2021 Q3,BMY,BRISTOL-MYERS SQUIBB CO,0.44%,-1
2021 Q3,CHTR,CHARTER COMMUNICATIONS INC-A,1.04%,-1
2021 Q3,CVX,CHEVRON CORP,0.99%,1
2021 Q3,DVA,DAVITA INC,1.43%,0
2021 Q3,FND,FLOOR & DECOR HOLDINGS INC-A,0.03%,1
2021 Q3,GL,GLOBE LIFE INC,0.19%,0
2021 Q3,GM,GENERAL MOTORS CO,1.08%,0
2021 Q3,JNJ,JOHNSON & JOHNSON,0.02%,0
2021 Q3,KHC,KRAFT HEINZ CO/THE,4.09%,0
2021 Q3,KO,COCA-COLA CO/THE,7.15%,0
2021 Q3,KR,KROGER CO,0.85%,0
2021 Q3,LBTYK,LIBERTY GLOBAL PLC- C,0.00%,-1
2021 Q3,LILA,LIBERTY LATIN AMERIC-CL A,0.01%,0
2021 Q3,LILAK,LIBERTY LATIN AMERIC-CL C,0.01%,0
2021 Q3,LSXMA,LIBERTY MEDIA COR-SIRIUSXM A,0.24%,0
2021 Q3,LSXMK,LIBERTY MEDIA COR-SIRIUSXM C,0.70%,0
2021 Q3,MA,MASTERCARD INC - A,0.51%,-1
2021 Q3,MCO,MOODY'S CORP,2.99%,0
2021 Q3,MDLZ,MONDELEZ INTERNATIONAL INC-A,0.01%,0
2021 Q3,MMC,MARSH & MCLENNAN COS,0.14%,-1
2021 Q3,MRK,MERCK & CO INC,0.00%,-1
2021 Q3,OGN,ORGANON & CO,0.00%,-1
2021 Q3,PG,PROCTER & GAMBLE CO/THE,0.02%,0
2021 Q3,RH,RH,0.41%,0
2021 Q3,RPRX,ROYALTY PHARMA PLC- CL A,0.16%,1
2021 Q3,SIRI,SIRIUS XM HOLDINGS INC,0.09%,0
2021 Q3,SNOW,SNOWFLAKE INC-CLASS A,0.63%,0
2021 Q3,SPY,SPDR S&P 500 ETF TRUST,0.01%,0
2021 Q3,STNE,STONECO LTD-A,0.13%,0
2021 Q3,STOR,STORE CAPITAL CORP,0.27%,0
2021 Q3,TEVA,TEVA PHARMACEUTICAL-SP ADR,0.14%,0
2021 Q3,TMUS,T-MOBILE US INC,0.23%,0
2021 Q3,UPS,UNITED PARCEL SERVICE-CL B,0.00%,0
2021 Q3,USB,US BANCORP,2.56%,-1
2021 Q3,V,VISA INC-CLASS A SHARES,0.73%,-1
2021 Q3,VOO,VANGUARD S&P 500 ETF,0.01%,0
2021 Q3,VRSN,VERISIGN INC,0.90%,0
2021 Q3,VZ,VERIZON COMMUNICATIONS INC,2.92%,0
2021 Q3,WFC,WELLS FARGO & CO,0.01%,0
2021 Q4,AAPL,APPLE INC,47.60%,0
2021 Q4,ABBV,ABBVIE INC,0.12%,-1
2021 Q4,AMZN,AMAZONCOM INC,0.54%,0
2021 Q4,AON,AON PLC-CLASS A,0.40%,0
2021 Q4,ATVI,ACTIVISION BLIZZARD INC,0.29%,1
2021 Q4,AXP,AMERICAN EXPRESS CO,7.49%,0
2021 Q4,BAC,BANK OF AMERICA CORP,13.58%,0
2021 Q4,BK,BANK OF NEW YORK MELLON CORP,1.27%,0
2021 Q4,BMY,BRISTOL-MYERS SQUIBB CO,0.10%,-1
2021 Q4,CHTR,CHARTER COMMUNICATIONS INC-A,0.75%,-1
2021 Q4,CVX,CHEVRON CORP,1.36%,1
2021 Q4,DVA,DAVITA INC,1.24%,0
2021 Q4,FND,FLOOR & DECOR HOLDINGS INC-A,0.03%,1
2021 Q4,FWONK,LIBERTY MEDIA CORP-LIBERTY-C,0.04%,1
2021 Q4,GL,GLOBE LIFE INC,0.18%,0
2021 Q4,GM,GENERAL MOTORS CO,1.06%,0
2021 Q4,JNJ,JOHNSON & JOHNSON,0.02%,0
2021 Q4,KHC,KRAFT HEINZ CO/THE,3.53%,0
2021 Q4,KO,COCA-COLA CO/THE,7.16%,0
2021 Q4,KR,KROGER CO,0.84%,-1
2021 Q4,LILA,LIBERTY LATIN AMERIC-CL A,0.01%,0
2021 Q4,LILAK,LIBERTY LATIN AMERIC-CL C,0.00%,0
2021 Q4,LSXMA,LIBERTY MEDIA COR-SIRIUSXM A,0.31%,1
2021 Q4,LSXMK,LIBERTY MEDIA COR-SIRIUSXM C,0.66%,0
2021 Q4,MA,MASTERCARD INC - A,0.43%,-1
2021 Q4,MCO,MOODY'S CORP,2.91%,0
2021 Q4,MDLZ,MONDELEZ INTERNATIONAL INC-A,0.01%,0
2021 Q4,MMC,MARSH & MCLENNAN COS,0.02%,-1
2021 Q4,NU,NU HOLDINGS LTD/CAYMAN ISL-A,0.30%,1
2021 Q4,PG,PROCTER & GAMBLE CO/THE,0.02%,0
2021 Q4,RH,RH,0.29%,1
2021 Q4,RPRX,ROYALTY PHARMA PLC- CL A,0.10%,-1
2021 Q4,SIRI,SIRIUS XM HOLDINGS INC,0.00%,-1
2021 Q4,SNOW,SNOWFLAKE INC-CLASS A,0.63%,0
2021 Q4,SPY,SPDR S&P 500 ETF TRUST,0.01%,0
2021 Q4,STNE,STONECO LTD-A,0.05%,0
2021 Q4,STOR,STORE CAPITAL CORP,0.25%,0
2021 Q4,TEVA,TEVA PHARMACEUTICAL-SP ADR,0.00%,-1
2021 Q4,TMUS,T-MOBILE US INC,0.18%,0
2021 Q4,UPS,UNITED PARCEL SERVICE-CL B,0.00%,0
2021 Q4,USB,US BANCORP,2.15%,0
2021 Q4,V,VISA INC-CLASS A SHARES,0.54%,-1
2021 Q4,VOO,VANGUARD S&P 500 ETF,0.01%,0
2021 Q4,VRSN,VERISIGN INC,0.98%,0
2021 Q4,VZ,VERIZON COMMUNICATIONS INC,2.49%,0
2021 Q4,WFC,WELLS FARGO & CO,0.01%,0
2022 Q1,AAPL,APPLE INC,42.79%,1
2022 Q1,ABBV,ABBVIE INC,0.00%,-1
2022 Q1,ALLY,ALLY FINANCIAL INC,0.11%,1
2022 Q1,AMZN,AMAZONCOM INC,0.48%,0
2022 Q1,AON,AON PLC-CLASS A,0.39%,0
2022 Q1,ATVI,ACTIVISION BLIZZARD INC,1.42%,1
2022 Q1,AXP,AMERICAN EXPRESS CO,7.80%,0
2022 Q1,BAC,BANK OF AMERICA CORP,11.45%,0
2022 Q1,BK,BANK OF NEW YORK MELLON CORP,0.99%,0
2022 Q1,BMY,BRISTOL-MYERS SQUIBB CO,0.00%,-1
2022 Q1,C,CITIGROUP INC COM NEW,0.81%,1
2022 Q1,CE,CELANESE CORP,0.31%,1
2022 Q1,CHTR,CHARTER COMMUNICATIONS INC-A,0.57%,0
2022 Q1,CVX,CHEVRON CORP,7.13%,1
2022 Q1,DVA,DAVITA INC,1.12%,0
2022 Q1,FND,FLOOR & DECOR HOLDINGS INC-A,0.11%,1
2022 Q1,FWONK,LIBERTY MEDIA CORP-LIBERTY-C,0.15%,1
2022 Q1,GL,GLOBE LIFE INC,0.18%,0
2022 Q1,GM,GENERAL MOTORS CO,0.75%,1
2022 Q1,HPQ,HP INC,1.04%,1
2022 Q1,JNJ,JOHNSON & JOHNSON,0.02%,0
2022 Q1,KHC,KRAFT HEINZ CO/THE,3.53%,0
2022 Q1,KO,COCA-COLA CO/THE,6.82%,0
2022 Q1,KR,KROGER CO,0.92%,-1
2022 Q1,LILA,LIBERTY LATIN AMERIC-CL A,0.01%,0
2022 Q1,LILAK,LIBERTY LATIN AMERIC-CL C,0.00%,0
2022 Q1,LSXMA,LIBERTY MEDIA COR-SIRIUSXM A,0.25%,0
2022 Q1,LSXMK,LIBERTY MEDIA COR-SIRIUSXM C,0.54%,0
2022 Q1,MA,MASTERCARD INC - A,0.39%,0
2022 Q1,MCK,MCKESSON CORP,0.25%,1
2022 Q1,MCO,MOODY'S CORP,2.29%,0
2022 Q1,MDLZ,MONDELEZ INTERNATIONAL INC-A,0.01%,0
2022 Q1,MKL,MARKEL CORP,0.17%,1
2022 Q1,MMC,MARSH & MCLENNAN COS,0.02%,0
2022 Q1,NU,NU HOLDINGS LTD/CAYMAN ISL-A,0.23%,0
2022 Q1,OXY,OCCIDENTAL PETROLEUM CORP,2.13%,1
2022 Q1,PG,PROCTER & GAMBLE CO/THE,0.01%,0
2022 Q1,RH,RH,0.19%,1
2022 Q1,RPRX,ROYALTY PHARMA PLC- CL A,0.02%,-1
2022 Q1,SNOW,SNOWFLAKE INC-CLASS A,0.39%,0
2022 Q1,SPY,SPDR S&P 500 ETF TRUST,0.00%,0
2022 Q1,STNE,STONECO LTD-A,0.03%,0
2022 Q1,STOR,STORE CAPITAL CORP,0.12%,-1
2022 Q1,TMUS,T-MOBILE US INC,0.19%,0
2022 Q1,UPS,UNITED PARCEL SERVICE-CL B,0.00%,0
2022 Q1,USB,US BANCORP,1.85%,0
2022 Q1,V,VISA INC-CLASS A SHARES,0.51%,0
2022 Q1,VIAC,VIACOMCBS INC - CLASS B,0.72%,1
2022 Q1,VOO,VANGUARD S&P 500 ETF,0.00%,0
2022 Q1,VRSN,VERISIGN INC,0.78%,0
2022 Q1,VZ,VERIZON COMMUNICATIONS INC,0.02%,-1
2022 Q1,WFC,WELLS FARGO & CO,0.00%,-1
2022 Q2,AAPL,APPLE INC,40.76%,1
2022 Q2,ALLY,ALLY FINANCIAL INC,0.34%,1
2022 Q2,AMZN,AMAZONCOM INC,0.38%,0
2022 Q2,AON,AON PLC-CLASS A,0.40%,0
2022 Q2,ATVI,ACTIVISION BLIZZARD INC,1.77%,1
2022 Q2,AXP,AMERICAN EXPRESS CO,7.00%,0
2022 Q2,BAC,BANK OF AMERICA CORP,10.48%,0
2022 Q2,BK,BANK OF NEW YORK MELLON CORP,1.01%,0
2022 Q2,C,CITIGROUP INC COM NEW,0.85%,0
2022 Q2,CE,CELANESE CORP,0.36%,1
2022 Q2,CHTR,CHARTER COMMUNICATIONS INC-A,0.60%,0
2022 Q2,CVX,CHEVRON CORP,7.79%,1
2022 Q2,DVA,DAVITA INC,0.96%,0
2022 Q2,FND,FLOOR & DECOR HOLDINGS INC-A,0.10%,0
2022 Q2,FWONK,LIBERTY MEDIA CORP-LIBERTY-C,0.16%,0
2022 Q2,GL,GLOBE LIFE INC,0.21%,0
2022 Q2,GM,GENERAL MOTORS CO,0.56%,-1
2022 Q2,HPQ,HP INC,1.14%,0
2022 Q2,JNJ,JOHNSON & JOHNSON,0.02%,0
2022 Q2,KHC,KRAFT HEINZ CO/THE,4.14%,0
2022 Q2,KO,COCA-COLA CO/THE,8.38%,0
2022 Q2,KR,KROGER CO,0.83%,-1
2022 Q2,LILA,LIBERTY LATIN AMERIC-CL A,0.01%,0
2022 Q2,LILAK,LIBERTY LATIN AMERIC-CL C,0.00%,0
2022 Q2,LSXMA,LIBERTY MEDIA COR-SIRIUSXM A,0.24%,0
2022 Q2,LSXMK,LIBERTY MEDIA COR-SIRIUSXM C,0.52%,0
2022 Q2,MA,MASTERCARD INC - A,0.42%,0
2022 Q2,MCK,MCKESSON CORP,0.35%,1
2022 Q2,MCO,MOODY'S CORP,2.24%,0
2022 Q2,MDLZ,MONDELEZ INTERNATIONAL INC-A,0.01%,0
2022 Q2,MKL,MARKEL CORP,0.20%,1
2022 Q2,MMC,MARSH & MCLENNAN COS,0.02%,0
2022 Q2,NU,NU HOLDINGS LTD/CAYMAN ISL-A,0.13%,0
2022 Q2,OXY,OCCIDENTAL PETROLEUM CORP,3.11%,1
2022 Q2,PG,PROCTER & GAMBLE CO/THE,0.02%,0
2022 Q2,RH,RH,0.15%,0
2022 Q2,RPRX,ROYALTY PHARMA PLC- CL A,0.00%,-1
2022 Q2,SNOW,SNOWFLAKE INC-CLASS A,0.28%,0
2022 Q2,SPY,SPDR S&P 500 ETF TRUST,0.01%,0
2022 Q2,STNE,STONECO LTD-A,0.03%,0
2022 Q2,STOR,STORE CAPITAL CORP,0.06%,-1
2022 Q2,TMUS,T-MOBILE US INC,0.24%,0
2022 Q2,UPS,UNITED PARCEL SERVICE-CL B,0.00%,0
2022 Q2,USB,US BANCORP,1.84%,-1
2022 Q2,V,VISA INC-CLASS A SHARES,0.54%,0
2022 Q2,VIAC,VIACOMCBS INC - CLASS B,0.64%,1
2022 Q2,VOO,VANGUARD S&P 500 ETF,0.01%,0
2022 Q2,VRSN,VERISIGN INC,0.71%,0
2022 Q2,VZ,VERIZON COMMUNICATIONS INC,0.00%,-1
2022 Q3,AAPL,APPLE INC,41.76%,0
2022 Q3,ALLY,ALLY FINANCIAL INC,0.28%,0
2022 Q3,AMZN,AMAZONCOM INC,0.41%,0
2022 Q3,AON,AON PLC-CLASS A,0.40%,0
2022 Q3,ATVI,ACTIVISION BLIZZARD INC,1.51%,-1
2022 Q3,AXP,AMERICAN EXPRESS CO,6.91%,0
2022 Q3,BAC,BANK OF AMERICA CORP,10.30%,0
2022 Q3,BK,BANK OF NEW YORK MELLON CORP,0.81%,-1
2022 Q3,C,CITIGROUP INC COM NEW,0.78%,0
2022 Q3,CE,CELANESE CORP,0.30%,1
2022 Q3,CHTR,CHARTER COMMUNICATIONS INC-A,0.39%,0
2022 Q3,CVX,CHEVRON CORP,8.02%,1
2022 Q3,DVA,DAVITA INC,1.01%,0
2022 Q3,FND,FLOOR & DECOR HOLDINGS INC-A,0.11%,0
2022 Q3,FWONK,LIBERTY MEDIA CORP-LIBERTY-C,0.15%,0
2022 Q3,GL,GLOBE LIFE INC,0.21%,0
2022 Q3,GM,GENERAL MOTORS CO,0.54%,-1
2022 Q3,HPQ,HP INC,0.88%,0
2022 Q3,JEF,JEFFERIES FINANCIAL GROUP IN,0.00%,1
2022 Q3,JNJ,JOHNSON & JOHNSON,0.02%,0
2022 Q3,KHC,KRAFT HEINZ CO/THE,3.67%,0
2022 Q3,KO,COCA-COLA CO/THE,7.57%,0
2022 Q3,KR,KROGER CO,0.74%,-1
2022 Q3,LILA,LIBERTY LATIN AMERIC-CL A,0.01%,0
2022 Q3,LILAK,LIBERTY LATIN AMERIC-CL C,0.00%,0
2022 Q3,LPX,LOUISIANA-PACIFIC CORP,0.10%,1
2022 Q3,LSXMA,LIBERTY MEDIA COR-SIRIUSXM A,0.26%,0
2022 Q3,LSXMK,LIBERTY MEDIA COR-SIRIUSXM C,0.55%,0
2022 Q3,MA,MASTERCARD INC - A,0.38%,0
2022 Q3,MCK,MCKESSON CORP,0.37%,0
2022 Q3,MCO,MOODY'S CORP,2.03%,0
2022 Q3,MDLZ,MONDELEZ INTERNATIONAL INC-A,0.01%,0
2022 Q3,MKL,MARKEL CORP,0.17%,0
2022 Q3,MMC,MARSH & MCLENNAN COS,0.02%,0
2022 Q3,NU,NU HOLDINGS LTD/CAYMAN ISL-A,0.16%,0
2022 Q3,OXY,OCCIDENTAL PETROLEUM CORP,4.03%,1
2022 Q3,PG,PROCTER & GAMBLE CO/THE,0.01%,0
2022 Q3,RH,RH,0.20%,1
2022 Q3,SNOW,SNOWFLAKE INC-CLASS A,0.35%,0
2022 Q3,SPY,SPDR S&P 500 ETF TRUST,0.00%,0
2022 Q3,STNE,STONECO LTD-A,0.03%,0
2022 Q3,STOR,STORE CAPITAL CORP,0.00%,-1
2022 Q3,TMUS,T-MOBILE US INC,0.24%,0
2022 Q3,TSM,TAIWAN SEMICONDUCTOR-SP ADR,1.39%,1
2022 Q3,UPS,UNITED PARCEL SERVICE-CL B,0.00%,0
2022 Q3,USB,US BANCORP,1.06%,-1
2022 Q3,V,VISA INC-CLASS A SHARES,0.50%,0
2022 Q3,VIAC,VIACOMCBS INC - CLASS B,0.59%,1
2022 Q3,VOO,VANGUARD S&P 500 ETF,0.00%,0
2022 Q3,VRSN,VERISIGN INC,0.75%,0
2022 Q4,AAPL,APPLE INC,38.90%,1
2022 Q4,ALLY,ALLY FINANCIAL INC,0.24%,-1
2022 Q4,AMZN,AMAZONCOM INC,0.30%,0
2022 Q4,AON,AON PLC-CLASS A,0.44%,0
2022 Q4,ATVI,ACTIVISION BLIZZARD INC,1.35%,-1
2022 Q4,AXP,AMERICAN EXPRESS CO,7.49%,0
2022 Q4,BAC,BANK OF AMERICA CORP,11.19%,0
2022 Q4,BK,BANK OF NEW YORK MELLON CORP,0.38%,-1
2022 Q4,C,CITIGROUP INC COM NEW,0.83%,0
2022 Q4,CE,CELANESE CORP,0.33%,0
2022 Q4,CHTR,CHARTER COMMUNICATIONS INC-A,0.43%,0
2022 Q4,CVX,CHEVRON CORP,9.78%,-1
2022 Q4,DVA,DAVITA INC,0.90%,0
2022 Q4,FND,FLOOR & DECOR HOLDINGS INC-A,0.11%,0
2022 Q4,FWONK,LIBERTY MEDIA CORP-LIBERTY-C,0.15%,0
2022 Q4,GL,GLOBE LIFE INC,0.26%,0
2022 Q4,GM,GENERAL MOTORS CO,0.56%,0
2022 Q4,HPQ,HP INC,0.94%,0
2022 Q4,JEF,JEFFERIES FINANCIAL GROUP IN,0.01%,0
2022 Q4,JNJ,JOHNSON & JOHNSON,0.02%,0
2022 Q4,KHC,KRAFT HEINZ CO/THE,4.43%,0
2022 Q4,KO,COCA-COLA CO/THE,8.51%,0
2022 Q4,KR,KROGER CO,0.75%,-1
2022 Q4,LILA,LIBERTY LATIN AMERIC-CL A,0.01%,0
2022 Q4,LILAK,LIBERTY LATIN AMERIC-CL C,0.00%,0
2022 Q4,LPX,LOUISIANA-PACIFIC CORP,0.14%,1
2022 Q4,LSXMA,LIBERTY MEDIA COR-SIRIUSXM A,0.27%,0
2022 Q4,LSXMK,LIBERTY MEDIA COR-SIRIUSXM C,0.57%,0
2022 Q4,MA,MASTERCARD INC - A,0.46%,0
2022 Q4,MCK,MCKESSON CORP,0.36%,-1
2022 Q4,MCO,MOODY'S CORP,2.30%,0
2022 Q4,MDLZ,MONDELEZ INTERNATIONAL INC-A,0.01%,0
2022 Q4,MKL,MARKEL CORP,0.21%,0
2022 Q4,MMC,MARSH & MCLENNAN COS,0.02%,0
2022 Q4,NU,NU HOLDINGS LTD/CAYMAN ISL-A,0.15%,0
2022 Q4,OXY,OCCIDENTAL PETROLEUM CORP,4.09%,0
2022 Q4,PG,PROCTER & GAMBLE CO/THE,0.02%,0
2022 Q4,RH,RH,0.21%,0
2022 Q4,SNOW,SNOWFLAKE INC-CLASS A,0.29%,0
2022 Q4,SPY,SPDR S&P 500 ETF TRUST,0.01%,0
2022 Q4,STNE,STONECO LTD-A,0.03%,0
2022 Q4,TMUS,T-MOBILE US INC,0.25%,0
2022 Q4,TSM,TAIWAN SEMICONDUCTOR-SP ADR,0.21%,-1
2022 Q4,UPS,UNITED PARCEL SERVICE-CL B,0.00%,0
2022 Q4,USB,US BANCORP,0.10%,-1
2022 Q4,V,VISA INC-CLASS A SHARES,0.58%,0
2022 Q4,VIAC,VIACOMCBS INC - CLASS B,0.53%,1
2022 Q4,VOO,VANGUARD S&P 500 ETF,0.01%,0
2022 Q4,VRSN,VERISIGN INC,0.88%,0
2023 Q1,AAPL,APPLE INC,46.44%,1
2023 Q1,ALLY,ALLY FINANCIAL INC,0.23%,-1
2023 Q1,AMZN,AMAZONCOM INC,0.34%,-1
2023 Q1,AON,AON PLC-CLASS A,0.42%,-1
2023 Q1,ATVI,ACTIVISION BLIZZARD INC,1.30%,-1
2023 Q1,AXP,AMERICAN EXPRESS CO,7.69%,0
2023 Q1,BAC,BANK OF AMERICA CORP,9.09%,1
2023 Q1,BK,BANK OF NEW YORK MELLON CORP,0.00%,-1
2023 Q1,C,CITIGROUP INC COM NEW,0.80%,1
2023 Q1,CE,CELANESE CORP,0.30%,-1
2023 Q1,CHTR,CHARTER COMMUNICATIONS INC-A,0.42%,0
2023 Q1,COF,CAPITAL ONE FINANCIAL CORP,0.29%,1
2023 Q1,CVX,CHEVRON CORP,6.65%,-1
2023 Q1,DEO,DIAGEO PLC-SPONSORED ADR,0.01%,1
2023 Q1,DVA,DAVITA INC,0.90%,0
2023 Q1,FND,FLOOR & DECOR HOLDINGS INC-A,0.14%,0
2023 Q1,FWONK,LIBERTY MEDIA CORP-LIBERTY-C,0.18%,0
2023 Q1,GL,GLOBE LIFE INC,0.22%,0
2023 Q1,GM,GENERAL MOTORS CO,0.45%,-1
2023 Q1,HPQ,HP INC,1.09%,1
2023 Q1,JEF,JEFFERIES FINANCIAL GROUP IN,0.00%,0
2023 Q1,JNJ,JOHNSON & JOHNSON,0.02%,0
2023 Q1,KHC,KRAFT HEINZ CO/THE,3.87%,0
2023 Q1,KO,COCA-COLA CO/THE,7.63%,0
2023 Q1,KR,KROGER CO,0.76%,0
2023 Q1,LILA,LIBERTY LATIN AMERIC-CL A,0.01%,0
2023 Q1,LILAK,LIBERTY LATIN AMERIC-CL C,0.00%,0
2023 Q1,LPX,LOUISIANA-PACIFIC CORP,0.12%,0
2023 Q1,LSXMA,LIBERTY MEDIA COR-SIRIUSXM A,0.17%,0
2023 Q1,LSXMK,LIBERTY MEDIA COR-SIRIUSXM C,0.37%,0
2023 Q1,MA,MASTERCARD INC - A,0.45%,0
2023 Q1,MCK,MCKESSON CORP,0.25%,-1
2023 Q1,MCO,MOODY'S CORP,2.32%,0
2023 Q1,MDLZ,MONDELEZ INTERNATIONAL INC-A,0.01%,0
2023 Q1,MKL,MARKEL CORP,0.19%,1
2023 Q1,MMC,MARSH & MCLENNAN COS,0.02%,0
2023 Q1,NU,NU HOLDINGS LTD/CAYMAN ISL-A,0.16%,0
2023 Q1,OXY,OCCIDENTAL PETROLEUM CORP,4.07%,1
2023 Q1,PG,PROCTER & GAMBLE CO/THE,0.01%,0
2023 Q1,RH,RH,0.00%,-1
2023 Q1,SNOW,SNOWFLAKE INC-CLASS A,0.29%,0
2023 Q1,SPY,SPDR S&P 500 ETF TRUST,0.01%,0
2023 Q1,STNE,STONECO LTD-A,0.03%,0
2023 Q1,TMUS,T-MOBILE US INC,0.23%,0
2023 Q1,TSM,TAIWAN SEMICONDUCTOR-SP ADR,0.00%,-1
2023 Q1,UPS,UNITED PARCEL SERVICE-CL B,0.00%,0
2023 Q1,USB,US BANCORP,0.00%,-1
2023 Q1,V,VISA INC-CLASS A SHARES,0.58%,0
2023 Q1,VIAC,VIACOMCBS INC - CLASS B,0.64%,1
2023 Q1,VOO,VANGUARD S&P 500 ETF,0.01%,0
2023 Q1,VRSN,VERISIGN INC,0.83%,0
2023 Q1,VTS,VITESSE ENERGY INC,0.00%,1
2023 Q2,AAPL,APPLE INC,51.00%,0
2023 Q2,ALLY,ALLY FINANCIAL INC,0.23%,0
2023 Q2,AMZN,AMAZONCOM INC,0.40%,0
2023 Q2,AON,AON PLC-CLASS A,0.43%,0
2023 Q2,ATVI,ACTIVISION BLIZZARD INC,0.35%,-1
2023 Q2,AXP,AMERICAN EXPRESS CO,7.59%,0
2023 Q2,BAC,BANK OF AMERICA CORP,8.51%,0
2023 Q2,C,CITIGROUP INC COM NEW,0.73%,0
2023 Q2,CE,CELANESE CORP,0.18%,-1
2023 Q2,CHTR,CHARTER COMMUNICATIONS INC-A,0.40%,0
2023 Q2,COF,CAPITAL ONE FINANCIAL CORP,0.39%,1
2023 Q2,CVX,CHEVRON CORP,5.56%,-1
2023 Q2,DEO,DIAGEO PLC-SPONSORED ADR,0.01%,0
2023 Q2,DHI,DR HORTON INC,0.21%,1
2023 Q2,DVA,DAVITA INC,1.04%,0
2023 Q2,FND,FLOOR & DECOR HOLDINGS INC-A,0.14%,0
2023 Q2,FWONK,LIBERTY MEDIA CORP-LIBERTY-C,0.17%,0
2023 Q2,GL,GLOBE LIFE INC,0.08%,-1
2023 Q2,GM,GENERAL MOTORS CO,0.24%,-1
2023 Q2,HPQ,HP INC,1.07%,0
2023 Q2,JEF,JEFFERIES FINANCIAL GROUP IN,0.00%,0
2023 Q2,JNJ,JOHNSON & JOHNSON,0.02%,0
2023 Q2,KHC,KRAFT HEINZ CO/THE,3.32%,0
2023 Q2,KO,COCA-COLA CO/THE,6.92%,0
2023 Q2,KR,KROGER CO,0.67%,0
2023 Q2,LEN.B,LENNAR CORP - B SHS,0.01%,1
2023 Q2,LILA,LIBERTY LATIN AMERIC-CL A,0.01%,0
2023 Q2,LILAK,LIBERTY LATIN AMERIC-CL C,0.00%,0
2023 Q2,LPX,LOUISIANA-PACIFIC CORP,0.15%,0
2023 Q2,LSXMA,LIBERTY MEDIA COR-SIRIUSXM A,0.19%,0
2023 Q2,LSXMK,LIBERTY MEDIA COR-SIRIUSXM C,0.41%,0
2023 Q2,MA,MASTERCARD INC - A,0.45%,0
2023 Q2,MCK,MCKESSON CORP,0.00%,-1
2023 Q2,MCO,MOODY'S CORP,2.46%,0
2023 Q2,MDLZ,MONDELEZ INTERNATIONAL INC-A,0.01%,0
2023 Q2,MKL,MARKEL CORP,0.19%,0
2023 Q2,MMC,MARSH & MCLENNAN COS,0.00%,-1
2023 Q2,NU,NU HOLDINGS LTD/CAYMAN ISL-A,0.24%,0
2023 Q2,NVR,NVR INC,0.02%,1
2023 Q2,OXY,OCCIDENTAL PETROLEUM CORP,3.78%,1
2023 Q2,PG,PROCTER & GAMBLE CO/THE,0.01%,0
2023 Q2,SNOW,SNOWFLAKE INC-CLASS A,0.31%,0
2023 Q2,SPY,SPDR S&P 500 ETF TRUST,0.01%,0
2023 Q2,STNE,STONECO LTD-A,0.04%,0
2023 Q2,TMUS,T-MOBILE US INC,0.21%,0
2023 Q2,UPS,UNITED PARCEL SERVICE-CL B,0.00%,0
2023 Q2,V,VISA INC-CLASS A SHARES,0.57%,0
2023 Q2,VIAC,VIACOMCBS INC - CLASS B,0.43%,0
2023 Q2,VOO,VANGUARD S&P 500 ETF,0.01%,0
2023 Q2,VRSN,VERISIGN INC,0.83%,0
2023 Q2,VTS,VITESSE ENERGY INC,0.00%,-1
2023 Q3,AAPL,APPLE INC,49.77%,0
2023 Q3,ALLY,ALLY FINANCIAL INC,0.25%,0
2023 Q3,AMZN,AMAZONCOM INC,0.40%,-1
2023 Q3,AON,AON PLC-CLASS A,0.42%,-1
2023 Q3,ATVI,ACTIVISION BLIZZARD INC,0.00%,-1
2023 Q3,AXP,AMERICAN EXPRESS CO,7.18%,0
2023 Q3,BAC,BANK OF AMERICA CORP,8.98%,0
2023 Q3,BATRK,ATLANTA BRAVES HOLDINGS IN-C,0.00%,1
2023 Q3,C,CITIGROUP INC COM NEW,0.72%,0
2023 Q3,CB,CHUBB LTD,0.54%,1
2023 Q3,CE,CELANESE CORP,0.00%,-1
2023 Q3,CHTR,CHARTER COMMUNICATIONS INC-A,0.53%,0
2023 Q3,COF,CAPITAL ONE FINANCIAL CORP,0.38%,0
2023 Q3,CVX,CHEVRON CORP,5.90%,-1
2023 Q3,DEO,DIAGEO PLC-SPONSORED ADR,0.01%,0
2023 Q3,DHI,DR HORTON INC,0.20%,0
2023 Q3,DVA,DAVITA INC,1.08%,0
2023 Q3,FND,FLOOR & DECOR HOLDINGS INC-A,0.14%,0
2023 Q3,FWONK,LIBERTY MEDIA CORP-LIBERTY-C,0.15%,0
2023 Q3,GL,GLOBE LIFE INC,0.03%,-1
2023 Q3,GM,GENERAL MOTORS CO,0.00%,-1
2023 Q3,HPQ,HP INC,0.84%,-1
2023 Q3,JEF,JEFFERIES FINANCIAL GROUP IN,0.01%,0
2023 Q3,JNJ,JOHNSON & JOHNSON,0.00%,-1
2023 Q3,KHC,KRAFT HEINZ CO/THE,3.48%,0
2023 Q3,KO,COCA-COLA CO/THE,7.11%,0
2023 Q3,KR,KROGER CO,0.71%,0
2023 Q3,LEN.B,LENNAR CORP - B SHS,0.01%,0
2023 Q3,LILA,LIBERTY LATIN AMERIC-CL A,0.01%,0
2023 Q3,LILAK,LIBERTY LATIN AMERIC-CL C,0.00%,0
2023 Q3,LLYVA,LIBERTY MEDIA CORP-LIBERTY-A,0.05%,1
2023 Q3,LLYVK,LIBERTY MEDIA CORP-LIBERTY-C,0.11%,1
2023 Q3,LPX,LOUISIANA-PACIFIC CORP,0.12%,0
2023 Q3,LSXMA,LIBERTY MEDIA CORP-CL A NEW,0.16%,1
2023 Q3,LSXMK,LIBERTY MEDIA CORP-LIBER-NEW,0.35%,1
2023 Q3,MA,MASTERCARD INC - A,0.50%,0
2023 Q3,MCO,MOODY'S CORP,2.48%,0
2023 Q3,MDLZ,MONDELEZ INTERNATIONAL INC-A,0.00%,-1
2023 Q3,MKL,MARKEL CORP,0.07%,-1
2023 Q3,NU,NU HOLDINGS LTD/CAYMAN ISL-A,0.25%,0
2023 Q3,NVR,NVR INC,0.02%,0
2023 Q3,OXY,OCCIDENTAL PETROLEUM CORP,4.62%,0
2023 Q3,PG,PROCTER & GAMBLE CO/THE,0.00%,-1
2023 Q3,SIRI,SIRIUS XM HOLDINGS INC,0.01%,1
2023 Q3,SNOW,SNOWFLAKE INC-CLASS A,0.30%,0
2023 Q3,SPY,SPDR S&P 500 ETF TRUST,0.01%,0
2023 Q3,STNE,STONECO LTD-A,0.04%,0
2023 Q3,TMUS,T-MOBILE US INC,0.23%,0
2023 Q3,UPS,UNITED PARCEL SERVICE-CL B,0.00%,-1
2023 Q3,V,VISA INC-CLASS A SHARES,0.61%,0
2023 Q3,VIAC,VIACOMCBS INC - CLASS B,0.38%,0
2023 Q3,VOO,VANGUARD S&P 500 ETF,0.01%,0
2023 Q3,VRSN,VERISIGN INC,0.82%,0
2023 Q4,AAPL,APPLE INC,49.54%,-1
2023 Q4,ALLY,ALLY FINANCIAL INC,0.29%,0
2023 Q4,AMZN,AMAZONCOM INC,0.43%,0
2023 Q4,AON,AON PLC-CLASS A,0.34%,0
2023 Q4,AXP,AMERICAN EXPRESS CO,8.07%,0
2023 Q4,BAC,BANK OF AMERICA CORP,9.88%,0
2023 Q4,BATRK,ATLANTA BRAVES HOLDINGS IN-C,0.00%,0
2023 Q4,C,CITIGROUP INC COM NEW,0.81%,0
2023 Q4,CB,CHUBB LTD,1.29%,1
2023 Q4,CHTR,CHARTER COMMUNICATIONS INC-A,0.42%,0
2023 Q4,COF,CAPITAL ONE FINANCIAL CORP,0.46%,0
2023 Q4,CVX,CHEVRON CORP,5.34%,1
2023 Q4,DEO,DIAGEO PLC-SPONSORED ADR,0.01%,0
2023 Q4,DHI,DR HORTON INC,0.00%,-1
2023 Q4,DVA,DAVITA INC,1.07%,0
2023 Q4,FND,FLOOR & DECOR HOLDINGS INC-A,0.15%,0
2023 Q4,FWONK,LIBERTY MEDIA CORP-LIBERTY-C,0.14%,0
2023 Q4,GL,GLOBE LIFE INC,0.00%,-1
2023 Q4,HPQ,HP INC,0.20%,-1
2023 Q4,JEF,JEFFERIES FINANCIAL GROUP IN,0.01%,0
2023 Q4,KHC,KRAFT HEINZ CO/THE,3.42%,0
2023 Q4,KO,COCA-COLA CO/THE,6.70%,0
2023 Q4,KR,KROGER CO,0.65%,0
2023 Q4,LEN.B,LENNAR CORP - B SHS,0.01%,0
2023 Q4,LILA,LIBERTY LATIN AMERIC-CL A,0.01%,0
2023 Q4,LILAK,LIBERTY LATIN AMERIC-CL C,0.00%,0
2023 Q4,LLYVA,LIBERTY MEDIA CORP-LIBERTY-A,0.05%,0
2023 Q4,LLYVK,LIBERTY MEDIA CORP-LIBERTY-C,0.12%,0
2023 Q4,LPX,LOUISIANA-PACIFIC CORP,0.14%,0
2023 Q4,LSXMA,LIBERTY MEDIA CORP-CL A NEW,0.17%,0
2023 Q4,LSXMK,LIBERTY MEDIA CORP-LIBER-NEW,0.35%,0
2023 Q4,MA,MASTERCARD INC - A,0.48%,0
2023 Q4,MCO,MOODY'S CORP,2.74%,0
2023 Q4,MKL,MARKEL CORP,0.00%,-1
2023 Q4,NU,NU HOLDINGS LTD/CAYMAN ISL-A,0.25%,0
2023 Q4,NVR,NVR INC,0.02%,0
2023 Q4,OXY,OCCIDENTAL PETROLEUM CORP,4.14%,1
2023 Q4,SIRI,SIRIUS XM HOLDINGS INC,0.06%,1
2023 Q4,SNOW,SNOWFLAKE INC-CLASS A,0.35%,0
2023 Q4,SPY,SPDR S&P 500 ETF TRUST,0.01%,0
2023 Q4,STNE,STONECO LTD-A,0.00%,-1
2023 Q4,TMUS,T-MOBILE US INC,0.24%,0
2023 Q4,V,VISA INC-CLASS A SHARES,0.61%,0
2023 Q4,VIAC,VIACOMCBS INC - CLASS B,0.27%,-1
2023 Q4,VOO,VANGUARD S&P 500 ETF,0.01%,0
2023 Q4,VRSN,VERISIGN INC,0.75%,0
2024 Q1,AAPL,APPLE INC,40.81%,-1
2024 Q1,ALLY,ALLY FINANCIAL INC,0.35%,0
2024 Q1,AMZN,AMAZONCOM INC,0.54%,0
2024 Q1,AON,AON PLC-CLASS A,0.41%,0
2024 Q1,AXP,AMERICAN EXPRESS CO,10.41%,0
2024 Q1,BAC,BANK OF AMERICA CORP,11.81%,0
2024 Q1,BATRK,ATLANTA BRAVES HOLDINGS IN-C,0.00%,0
2024 Q1,C,CITIGROUP INC COM NEW,1.05%,0
2024 Q1,CB,CHUBB LTD,2.03%,1
2024 Q1,CHTR,CHARTER COMMUNICATIONS INC-A,0.34%,0
2024 Q1,COF,CAPITAL ONE FINANCIAL CORP,0.56%,0
2024 Q1,CVX,CHEVRON CORP,5.85%,-1
2024 Q1,DEO,DIAGEO PLC-SPONSORED ADR,0.01%,0
2024 Q1,DVA,DAVITA INC,1.50%,0
2024 Q1,FND,FLOOR & DECOR HOLDINGS INC-A,0.19%,0
2024 Q1,FWONK,LIBERTY MEDIA CORP-LIBERTY-C,0.15%,0
2024 Q1,HPQ,HP INC,0.00%,-1
2024 Q1,JEF,JEFFERIES FINANCIAL GROUP IN,0.01%,0
2024 Q1,KHC,KRAFT HEINZ CO/THE,3.62%,0
2024 Q1,KO,COCA-COLA CO/THE,7.38%,0
2024 Q1,KR,KROGER CO,0.86%,0
2024 Q1,LEN.B,LENNAR CORP - B SHS,0.01%,0
2024 Q1,LILA,LIBERTY LATIN AMERIC-CL A,0.01%,0
2024 Q1,LILAK,LIBERTY LATIN AMERIC-CL C,0.00%,0
2024 Q1,LLYVA,LIBERTY MEDIA CORP-LIBERTY-A,0.06%,0
2024 Q1,LLYVK,LIBERTY MEDIA CORP-LIBERTY-C,0.15%,0
2024 Q1,LPX,LOUISIANA-PACIFIC CORP,0.17%,-1
2024 Q1,LSXMA,LIBERTY MEDIA CORP-CL A NEW,0.29%,1
2024 Q1,LSXMK,LIBERTY MEDIA CORP-LIBER-NEW,0.59%,1
2024 Q1,MA,MASTERCARD INC - A,0.58%,0
2024 Q1,MCO,MOODY'S CORP,2.92%,0
2024 Q1,NU,NU HOLDINGS LTD/CAYMAN ISL-A,0.39%,0
2024 Q1,NVR,NVR INC,0.03%,0
2024 Q1,OXY,OCCIDENTAL PETROLEUM CORP,4.86%,1
2024 Q1,SIRI,SIRIUS XM HOLDINGS INC,0.04%,-1
2024 Q1,SNOW,SNOWFLAKE INC-CLASS A,0.30%,0
2024 Q1,SPY,SPDR S&P 500 ETF TRUST,0.01%,0
2024 Q1,TMUS,T-MOBILE US INC,0.26%,0
2024 Q1,V,VISA INC-CLASS A SHARES,0.70%,0
2024 Q1,VIAC,VIACOMCBS INC - CLASS B,0.03%,-1
2024 Q1,VOO,VANGUARD S&P 500 ETF,0.01%,0
2024 Q1,VRSN,VERISIGN INC,0.73%,0
2024 Q2,AAPL,APPLE INC,30.09%,-1
2024 Q2,ALLY,ALLY FINANCIAL INC,0.41%,0
2024 Q2,AMZN,AMAZONCOM INC,0.69%,0
2024 Q2,AON,AON PLC-CLASS A,0.43%,0
2024 Q2,AXP,AMERICAN EXPRESS CO,12.54%,0
2024 Q2,BAC,BANK OF AMERICA CORP,14.67%,0
2024 Q2,BATRK,ATLANTA BRAVES HOLDINGS IN-C,0.00%,0
2024 Q2,C,CITIGROUP INC COM NEW,1.25%,0
2024 Q2,CB,CHUBB LTD,2.46%,1
2024 Q2,CHTR,CHARTER COMMUNICATIONS INC-A,0.41%,0
2024 Q2,COF,CAPITAL ONE FINANCIAL CORP,0.49%,-1
2024 Q2,CVX,CHEVRON CORP,6.63%,-1
2024 Q2,DEO,DIAGEO PLC-SPONSORED ADR,0.01%,0
2024 Q2,DVA,DAVITA INC,1.79%,0
2024 Q2,FND,FLOOR & DECOR HOLDINGS INC-A,0.14%,-1
2024 Q2,FWONK,LIBERTY MEDIA CORP-LIBERTY-C,0.20%,0
2024 Q2,HEI.A,HEICO CORP INC CL A,0.07%,1
2024 Q2,JEF,JEFFERIES FINANCIAL GROUP IN,0.01%,0
2024 Q2,KHC,KRAFT HEINZ CO/THE,3.75%,0
2024 Q2,KO,COCA-COLA CO/THE,9.09%,0
2024 Q2,KR,KROGER CO,0.89%,0
2024 Q2,LEN.B,LENNAR CORP - B SHS,0.01%,0
2024 Q2,LILA,LIBERTY LATIN AMERIC-CL A,0.01%,0
2024 Q2,LILAK,LIBERTY LATIN AMERIC-CL C,0.00%,0
2024 Q2,LLYVA,LIBERTY MEDIA CORP-LIBERTY-A,0.07%,-1
2024 Q2,LLYVK,LIBERTY MEDIA CORP-LIBERTY-C,0.15%,-1
2024 Q2,LPX,LOUISIANA-PACIFIC CORP,0.18%,-1
2024 Q2,LSXMA,LIBERTY MEDIA CORP-CL A NEW,0.28%,1
2024 Q2,LSXMK,LIBERTY MEDIA CORP-LIBER-NEW,0.55%,1
2024 Q2,MA,MASTERCARD INC - A,0.63%,0
2024 Q2,MCO,MOODY'S CORP,3.71%,0
2024 Q2,NU,NU HOLDINGS LTD/CAYMAN ISL-A,0.49%,0
2024 Q2,NVR,NVR INC,0.03%,0
2024 Q2,OXY,OCCIDENTAL PETROLEUM CORP,5.75%,1
2024 Q2,SIRI,SIRIUS XM HOLDINGS INC,0.13%,1
2024 Q2,SNOW,SNOWFLAKE INC-CLASS A,0.00%,-1
2024 Q2,SPY,SPDR S&P 500 ETF TRUST,0.01%,0
2024 Q2,TMUS,T-MOBILE US INC,0.29%,-1
2024 Q2,ULTA,ULTA BEAUTY INC,0.10%,1
2024 Q2,V,VISA INC-CLASS A SHARES,0.78%,0
2024 Q2,VIAC,VIACOMCBS INC - CLASS B,0.00%,-1
2024 Q2,VOO,VANGUARD S&P 500 ETF,0.01%,0
2024 Q2,VRSN,VERISIGN INC,0.81%,0
2024 Q3,AAPL,APPLE INC,26.24%,-1
2024 Q3,ALLY,ALLY FINANCIAL INC,0.39%,0
2024 Q3,AMZN,AMAZONCOM INC,0.70%,0
2024 Q3,AON,AON PLC-CLASS A,0.53%,0
2024 Q3,AXP,AMERICAN EXPRESS CO,15.44%,0
2024 Q3,BAC,BANK OF AMERICA CORP,11.88%,-1
2024 Q3,BATRK,ATLANTA BRAVES HOLDINGS IN-C,0.00%,0
2024 Q3,C,CITIGROUP INC COM NEW,1.30%,0
2024 Q3,CB,CHUBB LTD,2.93%,0
2024 Q3,CHTR,CHARTER COMMUNICATIONS INC-A,0.34%,-1
2024 Q3,COF,CAPITAL ONE FINANCIAL CORP,0.51%,-1
2024 Q3,CVX,CHEVRON CORP,6.56%,0
2024 Q3,DEO,DIAGEO PLC-SPONSORED ADR,0.01%,0
2024 Q3,DPZ,DOMINO'S PIZZA INC,0.21%,1
2024 Q3,DVA,DAVITA INC,2.22%,0
2024 Q3,FND,FLOOR & DECOR HOLDINGS INC-A,0.00%,-1
2024 Q3,FWONK,LIBERTY MEDIA CORP-LIBERTY-C,0.22%,0
2024 Q3,HEI.A,HEICO CORP INC CL A,0.08%,1
2024 Q3,JEF,JEFFERIES FINANCIAL GROUP IN,0.01%,0
2024 Q3,KHC,KRAFT HEINZ CO/THE,4.29%,0
2024 Q3,KO,COCA-COLA CO/THE,10.79%,0
2024 Q3,KR,KROGER CO,1.08%,0
2024 Q3,LEN.B,LENNAR CORP - B SHS,0.01%,0
2024 Q3,LILA,LIBERTY LATIN AMERIC-CL A,0.01%,0
2024 Q3,LILAK,LIBERTY LATIN AMERIC-CL C,0.00%,0
2024 Q3,LLYVA,LIBERTY MEDIA CORP-LIBERTY-A,0.09%,0
2024 Q3,LLYVK,LIBERTY MEDIA CORP-LIBERTY-C,0.21%,0
2024 Q3,LPX,LOUISIANA-PACIFIC CORP,0.24%,0
2024 Q3,LSXMA,LIBERTY MEDIA CORP-CL A NEW,0.00%,-1
2024 Q3,LSXMK,LIBERTY MEDIA CORP-LIBER-NEW,0.00%,-1
2024 Q3,MA,MASTERCARD INC - A,0.74%,0
2024 Q3,MCO,MOODY'S CORP,4.40%,0
2024 Q3,NU,NU HOLDINGS LTD/CAYMAN ISL-A,0.44%,-1
2024 Q3,NVR,NVR INC,0.04%,0
2024 Q3,OXY,OCCIDENTAL PETROLEUM CORP,4.94%,0
2024 Q3,POOL,POOL CORP,0.06%,1
2024 Q3,SIRI,SIRIUS XM HOLDINGS INC,0.93%,1
2024 Q3,SPY,SPDR S&P 500 ETF TRUST,0.01%,0
2024 Q3,TMUS,T-MOBILE US INC,0.36%,0
2024 Q3,ULTA,ULTA BEAUTY INC,0.00%,-1
2024 Q3,V,VISA INC-CLASS A SHARES,0.86%,0
2024 Q3,VOO,VANGUARD S&P 500 ETF,0.01%,0
2024 Q3,VRSN,VERISIGN INC,0.91%,0
2024 Q4,AAPL,APPLE INC,28.12%,0
2024 Q4,ALLY,ALLY FINANCIAL INC,0.39%,0
2024 Q4,AMZN,AMAZONCOM INC,0.82%,0
2024 Q4,AON,AON PLC-CLASS A,0.55%,0
2024 Q4,AXP,AMERICAN EXPRESS CO,16.84%,0
2024 Q4,BAC,BANK OF AMERICA CORP,11.19%,-1
2024 Q4,BATRK,ATLANTA BRAVES HOLDINGS IN-C,0.00%,0
2024 Q4,C,CITIGROUP INC COM NEW,0.39%,-1
2024 Q4,CB,CHUBB LTD,2.80%,0
2024 Q4,CHTR,CHARTER COMMUNICATIONS INC-A,0.26%,-1
2024 Q4,COF,CAPITAL ONE FINANCIAL CORP,0.50%,-1
2024 Q4,CVX,CHEVRON CORP,6.43%,0
2024 Q4,DEO,DIAGEO PLC-SPONSORED ADR,0.01%,0
2024 Q4,DPZ,DOMINO'S PIZZA INC,0.37%,1
2024 Q4,DVA,DAVITA INC,2.02%,0
2024 Q4,FWONK,LIBERTY MEDIA CORP-LIBERTY-C,0.24%,-1
2024 Q4,HEI.A,HEICO CORP INC CL A,0.07%,0
2024 Q4,JEF,JEFFERIES FINANCIAL GROUP IN,0.01%,0
2024 Q4,KHC,KRAFT HEINZ CO/THE,3.74%,0
2024 Q4,KO,COCA-COLA CO/THE,9.32%,0
2024 Q4,KR,KROGER CO,1.14%,0
2024 Q4,LEN.B,LENNAR CORP - B SHS,0.01%,0
2024 Q4,LILA,LIBERTY LATIN AMERIC-CL A,0.01%,0
2024 Q4,LILAK,LIBERTY LATIN AMERIC-CL C,0.00%,0
2024 Q4,LLYVA,LIBERTY MEDIA CORP-LIBERTY-A,0.12%,0
2024 Q4,LLYVK,LIBERTY MEDIA CORP-LIBERTY-C,0.28%,0
2024 Q4,LPX,LOUISIANA-PACIFIC CORP,0.22%,-1
2024 Q4,MA,MASTERCARD INC - A,0.79%,0
2024 Q4,MCO,MOODY'S CORP,4.37%,0
2024 Q4,NU,NU HOLDINGS LTD/CAYMAN ISL-A,0.16%,-1
2024 Q4,NVR,NVR INC,0.03%,0
2024 Q4,OXY,OCCIDENTAL PETROLEUM CORP,4.89%,1
2024 Q4,POOL,POOL CORP,0.08%,1
2024 Q4,SIRI,SIRIUS XM HOLDINGS INC,1.00%,1
2024 Q4,SPY,SPDR S&P 500 ETF TRUST,0.00%,-1
2024 Q4,STZ,CONSTELLATION BRANDS INC-A,0.47%,1
2024 Q4,TMUS,T-MOBILE US INC,0.36%,-1
2024 Q4,ULTA,ULTA BEAUTY INC,0.00%,-1
2024 Q4,V,VISA INC-CLASS A SHARES,0.98%,0
2024 Q4,VOO,VANGUARD S&P 500 ETF,0.00%,-1
2024 Q4,VRSN,VERISIGN INC,1.03%,1
